##-- DML语句
##
##-- V2.2.0
##
##-- 提交日期2016/12/27


##流程--------
REPLACE INTO `t_sys_wf_base` (`ID`, `L_CATEGORY_ID`, `C_NAME`, `C_NICKNAME`, `C_OPERROLE`, `C_OPERORG`, `L_CUSTNO`, `C_CUSTNAME`, `C_HANDLER`, `C_FORM`, `N_VERSION`, `C_IS_LATEST`, `C_IS_PUBLISHED`, `C_IS_DEFAULT`, `C_IS_DISABLED`, `C_IS_SUBPROCESS`, `C_PROCESS_ID`, `C_MONEY_VARIABLE`, `L_REG_OPERID`, `C_REG_OPERNAME`, `D_REG_DATE`, `T_REG_TIME`, `L_MODI_OPERID`, `C_MODI_OPERNAME`, `D_MODI_DATE`, `T_MODI_TIME`, `C_BUSIN_STATUS`, `C_LAST_STATUS`) VALUES (-44000, 2, '核心企业-确认经销商贸易背景子流程', '贸易背景确认子流程', 'CORE_USER', 'DEFAULT', 0, 'DEFAULT', '', NULL, 0, '0', '0', '1', '0', '1', 'DEFAULT', 'balance', 0, NULL, '20161118', NULL, NULL, NULL, '20161118', NULL, NULL, NULL)$$
REPLACE INTO `t_sys_wf_base` (`ID`, `L_CATEGORY_ID`, `C_NAME`, `C_NICKNAME`, `C_OPERROLE`, `C_OPERORG`, `L_CUSTNO`, `C_CUSTNAME`, `C_HANDLER`, `C_FORM`, `N_VERSION`, `C_IS_LATEST`, `C_IS_PUBLISHED`, `C_IS_DEFAULT`, `C_IS_DISABLED`, `C_IS_SUBPROCESS`, `C_PROCESS_ID`, `C_MONEY_VARIABLE`, `L_REG_OPERID`, `C_REG_OPERNAME`, `D_REG_DATE`, `T_REG_TIME`, `L_MODI_OPERID`, `C_MODI_OPERNAME`, `D_MODI_DATE`, `T_MODI_TIME`, `C_BUSIN_STATUS`, `C_LAST_STATUS`) VALUES (-43000, 2, '经销商-确认融资方案子流程', '确认融资方案子流程', 'SELLER_USER', 'DEFAULT', 0, 'DEFAULT', '', NULL, 0, '0', '0', '1', '0', '1', 'DEFAULT', 'balance', 0, NULL, '20161118', NULL, NULL, NULL, '20161118', NULL, NULL, NULL)$$
REPLACE INTO `t_sys_wf_base` (`ID`, `L_CATEGORY_ID`, `C_NAME`, `C_NICKNAME`, `C_OPERROLE`, `C_OPERORG`, `L_CUSTNO`, `C_CUSTNAME`, `C_HANDLER`, `C_FORM`, `N_VERSION`, `C_IS_LATEST`, `C_IS_PUBLISHED`, `C_IS_DEFAULT`, `C_IS_DISABLED`, `C_IS_SUBPROCESS`, `C_PROCESS_ID`, `C_MONEY_VARIABLE`, `L_REG_OPERID`, `C_REG_OPERNAME`, `D_REG_DATE`, `T_REG_TIME`, `L_MODI_OPERID`, `C_MODI_OPERNAME`, `D_MODI_DATE`, `T_MODI_TIME`, `C_BUSIN_STATUS`, `C_LAST_STATUS`) VALUES (-42000, 2, '经销商-申请子流程', '融资申请子流程', 'SELLER_USER', 'DEFAULT', 0, 'DEFAULT', '', NULL, 0, '0', '0', '1', '0', '1', 'DEFAULT', 'balance', 0, NULL, '20161118', NULL, NULL, NULL, '20161118', NULL, NULL, NULL)$$
REPLACE INTO `t_sys_wf_base` (`ID`, `L_CATEGORY_ID`, `C_NAME`, `C_NICKNAME`, `C_OPERROLE`, `C_OPERORG`, `L_CUSTNO`, `C_CUSTNAME`, `C_HANDLER`, `C_FORM`, `N_VERSION`, `C_IS_LATEST`, `C_IS_PUBLISHED`, `C_IS_DEFAULT`, `C_IS_DISABLED`, `C_IS_SUBPROCESS`, `C_PROCESS_ID`, `C_MONEY_VARIABLE`, `L_REG_OPERID`, `C_REG_OPERNAME`, `D_REG_DATE`, `T_REG_TIME`, `L_MODI_OPERID`, `C_MODI_OPERNAME`, `D_MODI_DATE`, `T_MODI_TIME`, `C_BUSIN_STATUS`, `C_LAST_STATUS`) VALUES (-41000, 2, '资金方-经销商融资审批流程', '经销商融资审批流程', 'FACTOR_USER', 'DEFAULT', 0, 'DEFAULT', 'sellerEndFlowHandler', '/flow/supplierFinance/detail', 0, '0', '0', '1', '0', '0', 'DEFAULT', 'balance', 0, NULL, '20161118', NULL, NULL, NULL, '20161118', NULL, NULL, NULL)$$
REPLACE INTO `t_sys_wf_base` (`ID`, `L_CATEGORY_ID`, `C_NAME`, `C_NICKNAME`, `C_OPERROLE`, `C_OPERORG`, `L_CUSTNO`, `C_CUSTNAME`, `C_HANDLER`, `C_FORM`, `N_VERSION`, `C_IS_LATEST`, `C_IS_PUBLISHED`, `C_IS_DEFAULT`, `C_IS_DISABLED`, `C_IS_SUBPROCESS`, `C_PROCESS_ID`, `C_MONEY_VARIABLE`, `L_REG_OPERID`, `C_REG_OPERNAME`, `D_REG_DATE`, `T_REG_TIME`, `L_MODI_OPERID`, `C_MODI_OPERNAME`, `D_MODI_DATE`, `T_MODI_TIME`, `C_BUSIN_STATUS`, `C_LAST_STATUS`) VALUES (-34000, 2, '核心企业-确认供应商贸易背景子流程', '贸易背景确认子流程', 'CORE_USER', 'DEFAULT', 0, 'DEFAULT', '', NULL, 0, '0', '0', '1', '0', '1', 'DEFAULT', 'balance', 0, NULL, '20161118', NULL, NULL, NULL, '20161118', NULL, NULL, NULL)$$
REPLACE INTO `t_sys_wf_base` (`ID`, `L_CATEGORY_ID`, `C_NAME`, `C_NICKNAME`, `C_OPERROLE`, `C_OPERORG`, `L_CUSTNO`, `C_CUSTNAME`, `C_HANDLER`, `C_FORM`, `N_VERSION`, `C_IS_LATEST`, `C_IS_PUBLISHED`, `C_IS_DEFAULT`, `C_IS_DISABLED`, `C_IS_SUBPROCESS`, `C_PROCESS_ID`, `C_MONEY_VARIABLE`, `L_REG_OPERID`, `C_REG_OPERNAME`, `D_REG_DATE`, `T_REG_TIME`, `L_MODI_OPERID`, `C_MODI_OPERNAME`, `D_MODI_DATE`, `T_MODI_TIME`, `C_BUSIN_STATUS`, `C_LAST_STATUS`) VALUES (-33000, 2, '供应商-融资确认融资方案子流程', '确认融资方案子流程', 'SUPPLIER_USER', 'DEFAULT', 0, 'DEFAULT', '', NULL, 0, '0', '0', '1', '0', '1', 'DEFAULT', 'balance', 0, NULL, '20161118', NULL, NULL, NULL, '20161118', NULL, NULL, NULL)$$
REPLACE INTO `t_sys_wf_base` (`ID`, `L_CATEGORY_ID`, `C_NAME`, `C_NICKNAME`, `C_OPERROLE`, `C_OPERORG`, `L_CUSTNO`, `C_CUSTNAME`, `C_HANDLER`, `C_FORM`, `N_VERSION`, `C_IS_LATEST`, `C_IS_PUBLISHED`, `C_IS_DEFAULT`, `C_IS_DISABLED`, `C_IS_SUBPROCESS`, `C_PROCESS_ID`, `C_MONEY_VARIABLE`, `L_REG_OPERID`, `C_REG_OPERNAME`, `D_REG_DATE`, `T_REG_TIME`, `L_MODI_OPERID`, `C_MODI_OPERNAME`, `D_MODI_DATE`, `T_MODI_TIME`, `C_BUSIN_STATUS`, `C_LAST_STATUS`) VALUES (-32000, 2, '供应商-融资申请子流程', '融资申请子流程', 'SUPPLIER_USER', 'DEFAULT', 0, 'DEFAULT', '', NULL, 0, '0', '0', '1', '0', '1', 'DEFAULT', 'balance', 0, NULL, '20161118', NULL, NULL, NULL, '20161118', NULL, NULL, NULL)$$
REPLACE INTO `t_sys_wf_base` (`ID`, `L_CATEGORY_ID`, `C_NAME`, `C_NICKNAME`, `C_OPERROLE`, `C_OPERORG`, `L_CUSTNO`, `C_CUSTNAME`, `C_HANDLER`, `C_FORM`, `N_VERSION`, `C_IS_LATEST`, `C_IS_PUBLISHED`, `C_IS_DEFAULT`, `C_IS_DISABLED`, `C_IS_SUBPROCESS`, `C_PROCESS_ID`, `C_MONEY_VARIABLE`, `L_REG_OPERID`, `C_REG_OPERNAME`, `D_REG_DATE`, `T_REG_TIME`, `L_MODI_OPERID`, `C_MODI_OPERNAME`, `D_MODI_DATE`, `T_MODI_TIME`, `C_BUSIN_STATUS`, `C_LAST_STATUS`) VALUES (-31000, 2, '资金方-供应商融资审批流程', '供应商融资审批流程', 'FACTOR_USER', 'DEFAULT', 0, 'DEFAULT', 'supplyEndFlowHandler', '/flow/supplierFinance/detail', 0, '0', '0', '1', '0', '0', 'DEFAULT', 'balance', 0, NULL, '20161118', NULL, NULL, NULL, '20161118', NULL, NULL, NULL)$$

##流程节点-------
REPLACE INTO `t_sys_wf_node` (`ID`, `L_BASE_ID`, `N_SEQ`, `C_NAME`, `C_NICKNAME`, `C_IS_DISABLED`, `C_HANDLER`, `C_FORM`, `C_TYPE`, `C_OPERROLE`, `C_MONEY_VARIABLE`, `L_REG_OPERID`, `C_REG_OPERNAME`, `D_REG_DATE`, `T_REG_TIME`, `L_MODI_OPERID`, `C_MODI_OPERNAME`, `D_MODI_DATE`, `T_MODI_TIME`, `C_BUSIN_STATUS`, `C_LAST_STATUS`) VALUES (-44003, -44000, 2, '核心企业确认经销商背景子流程-结束', '结束', '0', '', NULL, '1', '', NULL, 0, NULL, '20161118', NULL, NULL, NULL, '20161118', NULL, NULL, NULL)$$
REPLACE INTO `t_sys_wf_node` (`ID`, `L_BASE_ID`, `N_SEQ`, `C_NAME`, `C_NICKNAME`, `C_IS_DISABLED`, `C_HANDLER`, `C_FORM`, `C_TYPE`, `C_OPERROLE`, `C_MONEY_VARIABLE`, `L_REG_OPERID`, `C_REG_OPERNAME`, `D_REG_DATE`, `T_REG_TIME`, `L_MODI_OPERID`, `C_MODI_OPERNAME`, `D_MODI_DATE`, `T_MODI_TIME`, `C_BUSIN_STATUS`, `C_LAST_STATUS`) VALUES (-44002, -44000, 1, '核心企业确认经销商背景子流程-确认贸易背景', '确认贸易背景', '0', 'sellerConfirmTradingBackgrandHandler', '/flow/sellerFinance/transferEnsure', '2', '', NULL, 0, NULL, '20161118', NULL, NULL, NULL, '20161118', NULL, NULL, NULL)$$
REPLACE INTO `t_sys_wf_node` (`ID`, `L_BASE_ID`, `N_SEQ`, `C_NAME`, `C_NICKNAME`, `C_IS_DISABLED`, `C_HANDLER`, `C_FORM`, `C_TYPE`, `C_OPERROLE`, `C_MONEY_VARIABLE`, `L_REG_OPERID`, `C_REG_OPERNAME`, `D_REG_DATE`, `T_REG_TIME`, `L_MODI_OPERID`, `C_MODI_OPERNAME`, `D_MODI_DATE`, `T_MODI_TIME`, `C_BUSIN_STATUS`, `C_LAST_STATUS`) VALUES (-44001, -44000, 0, '核心企业确认经销商背景子流程-开始', '开始', '0', NULL, NULL, '0', NULL, NULL, 0, NULL, '20161118', NULL, NULL, NULL, '20161118', NULL, NULL, NULL)$$
REPLACE INTO `t_sys_wf_node` (`ID`, `L_BASE_ID`, `N_SEQ`, `C_NAME`, `C_NICKNAME`, `C_IS_DISABLED`, `C_HANDLER`, `C_FORM`, `C_TYPE`, `C_OPERROLE`, `C_MONEY_VARIABLE`, `L_REG_OPERID`, `C_REG_OPERNAME`, `D_REG_DATE`, `T_REG_TIME`, `L_MODI_OPERID`, `C_MODI_OPERNAME`, `D_MODI_DATE`, `T_MODI_TIME`, `C_BUSIN_STATUS`, `C_LAST_STATUS`) VALUES (-43003, -43000, 2, '经销商确认融资方案子流程-结束', '结束', '0', NULL, NULL, '1', '', NULL, 0, NULL, '20161118', NULL, NULL, NULL, '20161118', NULL, NULL, NULL)$$
REPLACE INTO `t_sys_wf_node` (`ID`, `L_BASE_ID`, `N_SEQ`, `C_NAME`, `C_NICKNAME`, `C_IS_DISABLED`, `C_HANDLER`, `C_FORM`, `C_TYPE`, `C_OPERROLE`, `C_MONEY_VARIABLE`, `L_REG_OPERID`, `C_REG_OPERNAME`, `D_REG_DATE`, `T_REG_TIME`, `L_MODI_OPERID`, `C_MODI_OPERNAME`, `D_MODI_DATE`, `T_MODI_TIME`, `C_BUSIN_STATUS`, `C_LAST_STATUS`) VALUES (-43002, -43000, 1, '经销商确认融资方案子流程-确认融资方案', '确认融资方案', '0', 'sellerConfirmSchemeHandler', '/flow/sellerFinance/issueEnsure', '2', '', NULL, 17112, 'hubl5', '20161206', '152250', 17112, 'hubl5', '20161206', '152250', NULL, NULL)$$
REPLACE INTO `t_sys_wf_node` (`ID`, `L_BASE_ID`, `N_SEQ`, `C_NAME`, `C_NICKNAME`, `C_IS_DISABLED`, `C_HANDLER`, `C_FORM`, `C_TYPE`, `C_OPERROLE`, `C_MONEY_VARIABLE`, `L_REG_OPERID`, `C_REG_OPERNAME`, `D_REG_DATE`, `T_REG_TIME`, `L_MODI_OPERID`, `C_MODI_OPERNAME`, `D_MODI_DATE`, `T_MODI_TIME`, `C_BUSIN_STATUS`, `C_LAST_STATUS`) VALUES (-43001, -43000, 0, '经销商确认融资方案子流程-开始', '开始', '0', NULL, NULL, '0', NULL, NULL, 0, NULL, '20161118', NULL, NULL, NULL, '20161118', NULL, NULL, NULL)$$
REPLACE INTO `t_sys_wf_node` (`ID`, `L_BASE_ID`, `N_SEQ`, `C_NAME`, `C_NICKNAME`, `C_IS_DISABLED`, `C_HANDLER`, `C_FORM`, `C_TYPE`, `C_OPERROLE`, `C_MONEY_VARIABLE`, `L_REG_OPERID`, `C_REG_OPERNAME`, `D_REG_DATE`, `T_REG_TIME`, `L_MODI_OPERID`, `C_MODI_OPERNAME`, `D_MODI_DATE`, `T_MODI_TIME`, `C_BUSIN_STATUS`, `C_LAST_STATUS`) VALUES (-42003, -42000, 2, '经销商签约子流程-结束', '结束', '0', '', NULL, '1', '', NULL, 0, NULL, '20161118', NULL, NULL, NULL, '20161118', NULL, NULL, NULL)$$
REPLACE INTO `t_sys_wf_node` (`ID`, `L_BASE_ID`, `N_SEQ`, `C_NAME`, `C_NICKNAME`, `C_IS_DISABLED`, `C_HANDLER`, `C_FORM`, `C_TYPE`, `C_OPERROLE`, `C_MONEY_VARIABLE`, `L_REG_OPERID`, `C_REG_OPERNAME`, `D_REG_DATE`, `T_REG_TIME`, `L_MODI_OPERID`, `C_MODI_OPERNAME`, `D_MODI_DATE`, `T_MODI_TIME`, `C_BUSIN_STATUS`, `C_LAST_STATUS`) VALUES (-42002, -42000, 1, '经销商申请子流程-融资申请', '融资申请', '0', '', '', '2', '', NULL, 1000156, 'testhubl', '20161214', '163628', 1000156, 'testhubl', '20161214', '163628', NULL, NULL)$$
REPLACE INTO `t_sys_wf_node` (`ID`, `L_BASE_ID`, `N_SEQ`, `C_NAME`, `C_NICKNAME`, `C_IS_DISABLED`, `C_HANDLER`, `C_FORM`, `C_TYPE`, `C_OPERROLE`, `C_MONEY_VARIABLE`, `L_REG_OPERID`, `C_REG_OPERNAME`, `D_REG_DATE`, `T_REG_TIME`, `L_MODI_OPERID`, `C_MODI_OPERNAME`, `D_MODI_DATE`, `T_MODI_TIME`, `C_BUSIN_STATUS`, `C_LAST_STATUS`) VALUES (-42001, -42000, 0, '经销商申请子流程-开始', '开始', '0', NULL, NULL, '0', NULL, NULL, 0, NULL, '20161118', NULL, NULL, NULL, '20161118', NULL, NULL, NULL)$$
REPLACE INTO `t_sys_wf_node` (`ID`, `L_BASE_ID`, `N_SEQ`, `C_NAME`, `C_NICKNAME`, `C_IS_DISABLED`, `C_HANDLER`, `C_FORM`, `C_TYPE`, `C_OPERROLE`, `C_MONEY_VARIABLE`, `L_REG_OPERID`, `C_REG_OPERNAME`, `D_REG_DATE`, `T_REG_TIME`, `L_MODI_OPERID`, `C_MODI_OPERNAME`, `D_MODI_DATE`, `T_MODI_TIME`, `C_BUSIN_STATUS`, `C_LAST_STATUS`) VALUES (-41008, -41000, 7, '经销商融资审批流程-结束', '结束', '0', '', NULL, '1', '', NULL, 0, NULL, '20161118', NULL, NULL, NULL, '20161118', NULL, NULL, NULL)$$
REPLACE INTO `t_sys_wf_node` (`ID`, `L_BASE_ID`, `N_SEQ`, `C_NAME`, `C_NICKNAME`, `C_IS_DISABLED`, `C_HANDLER`, `C_FORM`, `C_TYPE`, `C_OPERROLE`, `C_MONEY_VARIABLE`, `L_REG_OPERID`, `C_REG_OPERNAME`, `D_REG_DATE`, `T_REG_TIME`, `L_MODI_OPERID`, `C_MODI_OPERNAME`, `D_MODI_DATE`, `T_MODI_TIME`, `C_BUSIN_STATUS`, `C_LAST_STATUS`) VALUES (-41007, -41000, 6, '确认放款', '确认放款', '0', 'sellerConfirmLoanHandler', '/flow/sellerFinance/loanEnsure', '2', '', NULL, 17112, 'hubl5', '20161206', '152250', 17112, 'hubl5', '20161206', '152250', NULL, NULL)$$
REPLACE INTO `t_sys_wf_node` (`ID`, `L_BASE_ID`, `N_SEQ`, `C_NAME`, `C_NICKNAME`, `C_IS_DISABLED`, `C_HANDLER`, `C_FORM`, `C_TYPE`, `C_OPERROLE`, `C_MONEY_VARIABLE`, `L_REG_OPERID`, `C_REG_OPERNAME`, `D_REG_DATE`, `T_REG_TIME`, `L_MODI_OPERID`, `C_MODI_OPERNAME`, `D_MODI_DATE`, `T_MODI_TIME`, `C_BUSIN_STATUS`, `C_LAST_STATUS`) VALUES (-41006, -41000, 5, '核心企业-确认经销商贸易背景子流程', '确认贸易背景', '0', '', '', '4', 'CORE_USER', NULL, 17112, 'hubl5', '20161206', '152250', 17112, 'hubl5', '20161206', '152250', NULL, NULL)$$
REPLACE INTO `t_sys_wf_node` (`ID`, `L_BASE_ID`, `N_SEQ`, `C_NAME`, `C_NICKNAME`, `C_IS_DISABLED`, `C_HANDLER`, `C_FORM`, `C_TYPE`, `C_OPERROLE`, `C_MONEY_VARIABLE`, `L_REG_OPERID`, `C_REG_OPERNAME`, `D_REG_DATE`, `T_REG_TIME`, `L_MODI_OPERID`, `C_MODI_OPERNAME`, `D_MODI_DATE`, `T_MODI_TIME`, `C_BUSIN_STATUS`, `C_LAST_STATUS`) VALUES (-41005, -41000, 4, '发起贸易背景确认', '发起贸易背景确认', '0', 'sellerRequestTradingBackgrandHandler', '/flow/sellerFinance/signAction', '2', '', NULL, 17112, 'hubl5', '20161206', '152250', 17112, 'hubl5', '20161206', '152250', NULL, NULL)$$
REPLACE INTO `t_sys_wf_node` (`ID`, `L_BASE_ID`, `N_SEQ`, `C_NAME`, `C_NICKNAME`, `C_IS_DISABLED`, `C_HANDLER`, `C_FORM`, `C_TYPE`, `C_OPERROLE`, `C_MONEY_VARIABLE`, `L_REG_OPERID`, `C_REG_OPERNAME`, `D_REG_DATE`, `T_REG_TIME`, `L_MODI_OPERID`, `C_MODI_OPERNAME`, `D_MODI_DATE`, `T_MODI_TIME`, `C_BUSIN_STATUS`, `C_LAST_STATUS`) VALUES (-41004, -41000, 3, '经销商-确认融资方案子流', '确认融资方案', '0', '', '', '4', 'SELLER_USER', NULL, 17112, 'hubl5', '20161206', '152250', 17112, 'hubl5', '20161206', '152250', NULL, NULL)$$
REPLACE INTO `t_sys_wf_node` (`ID`, `L_BASE_ID`, `N_SEQ`, `C_NAME`, `C_NICKNAME`, `C_IS_DISABLED`, `C_HANDLER`, `C_FORM`, `C_TYPE`, `C_OPERROLE`, `C_MONEY_VARIABLE`, `L_REG_OPERID`, `C_REG_OPERNAME`, `D_REG_DATE`, `T_REG_TIME`, `L_MODI_OPERID`, `C_MODI_OPERNAME`, `D_MODI_DATE`, `T_MODI_TIME`, `C_BUSIN_STATUS`, `C_LAST_STATUS`) VALUES (-41003, -41000, 2, '出具融资方案', '出具融资方案', '0', 'sellerOfferSchemeHandler', '/flow/sellerFinance/issuePlan', '2', '', NULL, 17112, 'hubl5', '20161206', '152250', 17112, 'hubl5', '20161206', '152250', NULL, NULL)$$
REPLACE INTO `t_sys_wf_node` (`ID`, `L_BASE_ID`, `N_SEQ`, `C_NAME`, `C_NICKNAME`, `C_IS_DISABLED`, `C_HANDLER`, `C_FORM`, `C_TYPE`, `C_OPERROLE`, `C_MONEY_VARIABLE`, `L_REG_OPERID`, `C_REG_OPERNAME`, `D_REG_DATE`, `T_REG_TIME`, `L_MODI_OPERID`, `C_MODI_OPERNAME`, `D_MODI_DATE`, `T_MODI_TIME`, `C_BUSIN_STATUS`, `C_LAST_STATUS`) VALUES (-41002, -41000, 1, '经销商-申请子流程', '融资申请', '0', NULL, '', '4', 'SELLER_USER', NULL, 17112, 'hubl5', '20161206', '152250', 17112, 'hubl5', '20161206', '152250', NULL, NULL)$$
REPLACE INTO `t_sys_wf_node` (`ID`, `L_BASE_ID`, `N_SEQ`, `C_NAME`, `C_NICKNAME`, `C_IS_DISABLED`, `C_HANDLER`, `C_FORM`, `C_TYPE`, `C_OPERROLE`, `C_MONEY_VARIABLE`, `L_REG_OPERID`, `C_REG_OPERNAME`, `D_REG_DATE`, `T_REG_TIME`, `L_MODI_OPERID`, `C_MODI_OPERNAME`, `D_MODI_DATE`, `T_MODI_TIME`, `C_BUSIN_STATUS`, `C_LAST_STATUS`) VALUES (-41001, -41000, 0, '开始', '开始', '0', NULL, NULL, '0', NULL, NULL, 0, NULL, '20161118', NULL, NULL, NULL, '20161118', NULL, NULL, NULL)$$
REPLACE INTO `t_sys_wf_node` (`ID`, `L_BASE_ID`, `N_SEQ`, `C_NAME`, `C_NICKNAME`, `C_IS_DISABLED`, `C_HANDLER`, `C_FORM`, `C_TYPE`, `C_OPERROLE`, `C_MONEY_VARIABLE`, `L_REG_OPERID`, `C_REG_OPERNAME`, `D_REG_DATE`, `T_REG_TIME`, `L_MODI_OPERID`, `C_MODI_OPERNAME`, `D_MODI_DATE`, `T_MODI_TIME`, `C_BUSIN_STATUS`, `C_LAST_STATUS`) VALUES (-34003, -34000, 2, '核心企业确认供应商背景子流程-结束', '结束', '0', '', NULL, '1', '', NULL, 0, NULL, '20161118', NULL, NULL, NULL, '20161118', NULL, NULL, NULL)$$
REPLACE INTO `t_sys_wf_node` (`ID`, `L_BASE_ID`, `N_SEQ`, `C_NAME`, `C_NICKNAME`, `C_IS_DISABLED`, `C_HANDLER`, `C_FORM`, `C_TYPE`, `C_OPERROLE`, `C_MONEY_VARIABLE`, `L_REG_OPERID`, `C_REG_OPERNAME`, `D_REG_DATE`, `T_REG_TIME`, `L_MODI_OPERID`, `C_MODI_OPERNAME`, `D_MODI_DATE`, `T_MODI_TIME`, `C_BUSIN_STATUS`, `C_LAST_STATUS`) VALUES (-34002, -34000, 1, '核心企业确认供应商背景子流程-确认贸易背景', '确认贸易背景', '0', 'supplyConfirmTradingBackgrandHandler', '/flow/supplierFinance/transferEnsure', '2', '', NULL, 0, NULL, '20161118', NULL, NULL, NULL, '20161118', NULL, NULL, NULL)$$
REPLACE INTO `t_sys_wf_node` (`ID`, `L_BASE_ID`, `N_SEQ`, `C_NAME`, `C_NICKNAME`, `C_IS_DISABLED`, `C_HANDLER`, `C_FORM`, `C_TYPE`, `C_OPERROLE`, `C_MONEY_VARIABLE`, `L_REG_OPERID`, `C_REG_OPERNAME`, `D_REG_DATE`, `T_REG_TIME`, `L_MODI_OPERID`, `C_MODI_OPERNAME`, `D_MODI_DATE`, `T_MODI_TIME`, `C_BUSIN_STATUS`, `C_LAST_STATUS`) VALUES (-34001, -34000, 0, '核心企业确认供应商背景子流程-开始', '开始', '0', NULL, NULL, '0', NULL, NULL, 0, NULL, '20161118', NULL, NULL, NULL, '20161118', NULL, NULL, NULL)$$
REPLACE INTO `t_sys_wf_node` (`ID`, `L_BASE_ID`, `N_SEQ`, `C_NAME`, `C_NICKNAME`, `C_IS_DISABLED`, `C_HANDLER`, `C_FORM`, `C_TYPE`, `C_OPERROLE`, `C_MONEY_VARIABLE`, `L_REG_OPERID`, `C_REG_OPERNAME`, `D_REG_DATE`, `T_REG_TIME`, `L_MODI_OPERID`, `C_MODI_OPERNAME`, `D_MODI_DATE`, `T_MODI_TIME`, `C_BUSIN_STATUS`, `C_LAST_STATUS`) VALUES (-33003, -33000, 2, '供应商签约子流程-结束', '结束', '0', NULL, NULL, '1', '', NULL, 0, NULL, '20161118', NULL, NULL, NULL, '20161118', NULL, NULL, NULL)$$
REPLACE INTO `t_sys_wf_node` (`ID`, `L_BASE_ID`, `N_SEQ`, `C_NAME`, `C_NICKNAME`, `C_IS_DISABLED`, `C_HANDLER`, `C_FORM`, `C_TYPE`, `C_OPERROLE`, `C_MONEY_VARIABLE`, `L_REG_OPERID`, `C_REG_OPERNAME`, `D_REG_DATE`, `T_REG_TIME`, `L_MODI_OPERID`, `C_MODI_OPERNAME`, `D_MODI_DATE`, `T_MODI_TIME`, `C_BUSIN_STATUS`, `C_LAST_STATUS`) VALUES (-33002, -33000, 1, '供应商签约子流程-确认融资方案', '确认融资方案', '0', 'supplyConfirmSchemeHandler', '/flow/supplierFinance/issueEnsure', '2', '', NULL, 17112, 'hubl5', '20161206', '152250', 17112, 'hubl5', '20161206', '152250', NULL, NULL)$$
REPLACE INTO `t_sys_wf_node` (`ID`, `L_BASE_ID`, `N_SEQ`, `C_NAME`, `C_NICKNAME`, `C_IS_DISABLED`, `C_HANDLER`, `C_FORM`, `C_TYPE`, `C_OPERROLE`, `C_MONEY_VARIABLE`, `L_REG_OPERID`, `C_REG_OPERNAME`, `D_REG_DATE`, `T_REG_TIME`, `L_MODI_OPERID`, `C_MODI_OPERNAME`, `D_MODI_DATE`, `T_MODI_TIME`, `C_BUSIN_STATUS`, `C_LAST_STATUS`) VALUES (-33001, -33000, 0, '供应商签约子流程-开始', '开始', '0', NULL, NULL, '0', NULL, NULL, 0, NULL, '20161118', NULL, NULL, NULL, '20161118', NULL, NULL, NULL)$$
REPLACE INTO `t_sys_wf_node` (`ID`, `L_BASE_ID`, `N_SEQ`, `C_NAME`, `C_NICKNAME`, `C_IS_DISABLED`, `C_HANDLER`, `C_FORM`, `C_TYPE`, `C_OPERROLE`, `C_MONEY_VARIABLE`, `L_REG_OPERID`, `C_REG_OPERNAME`, `D_REG_DATE`, `T_REG_TIME`, `L_MODI_OPERID`, `C_MODI_OPERNAME`, `D_MODI_DATE`, `T_MODI_TIME`, `C_BUSIN_STATUS`, `C_LAST_STATUS`) VALUES (-32003, -32000, 2, '供应商申请子流程-结束', '结束', '0', '', NULL, '1', '', NULL, 0, NULL, '20161118', NULL, NULL, NULL, '20161118', NULL, NULL, NULL)$$
REPLACE INTO `t_sys_wf_node` (`ID`, `L_BASE_ID`, `N_SEQ`, `C_NAME`, `C_NICKNAME`, `C_IS_DISABLED`, `C_HANDLER`, `C_FORM`, `C_TYPE`, `C_OPERROLE`, `C_MONEY_VARIABLE`, `L_REG_OPERID`, `C_REG_OPERNAME`, `D_REG_DATE`, `T_REG_TIME`, `L_MODI_OPERID`, `C_MODI_OPERNAME`, `D_MODI_DATE`, `T_MODI_TIME`, `C_BUSIN_STATUS`, `C_LAST_STATUS`) VALUES (-32002, -32000, 1, '供应商申请子流程-融资申请', '融资申请', '0', '', '', '2', '', NULL, 1000156, 'testhubl', '20161214', '163628', 1000156, 'testhubl', '20161214', '163628', NULL, NULL)$$
REPLACE INTO `t_sys_wf_node` (`ID`, `L_BASE_ID`, `N_SEQ`, `C_NAME`, `C_NICKNAME`, `C_IS_DISABLED`, `C_HANDLER`, `C_FORM`, `C_TYPE`, `C_OPERROLE`, `C_MONEY_VARIABLE`, `L_REG_OPERID`, `C_REG_OPERNAME`, `D_REG_DATE`, `T_REG_TIME`, `L_MODI_OPERID`, `C_MODI_OPERNAME`, `D_MODI_DATE`, `T_MODI_TIME`, `C_BUSIN_STATUS`, `C_LAST_STATUS`) VALUES (-32001, -32000, 0, '供应商申请子流程-开始', '开始', '0', NULL, NULL, '0', NULL, NULL, 0, NULL, '20161118', NULL, NULL, NULL, '20161118', NULL, NULL, NULL)$$
REPLACE INTO `t_sys_wf_node` (`ID`, `L_BASE_ID`, `N_SEQ`, `C_NAME`, `C_NICKNAME`, `C_IS_DISABLED`, `C_HANDLER`, `C_FORM`, `C_TYPE`, `C_OPERROLE`, `C_MONEY_VARIABLE`, `L_REG_OPERID`, `C_REG_OPERNAME`, `D_REG_DATE`, `T_REG_TIME`, `L_MODI_OPERID`, `C_MODI_OPERNAME`, `D_MODI_DATE`, `T_MODI_TIME`, `C_BUSIN_STATUS`, `C_LAST_STATUS`) VALUES (-31008, -31000, 7, '结束', '结束', '0', '', NULL, '1', '', NULL, 0, NULL, '20161118', NULL, NULL, NULL, '20161118', NULL, NULL, NULL)$$
REPLACE INTO `t_sys_wf_node` (`ID`, `L_BASE_ID`, `N_SEQ`, `C_NAME`, `C_NICKNAME`, `C_IS_DISABLED`, `C_HANDLER`, `C_FORM`, `C_TYPE`, `C_OPERROLE`, `C_MONEY_VARIABLE`, `L_REG_OPERID`, `C_REG_OPERNAME`, `D_REG_DATE`, `T_REG_TIME`, `L_MODI_OPERID`, `C_MODI_OPERNAME`, `D_MODI_DATE`, `T_MODI_TIME`, `C_BUSIN_STATUS`, `C_LAST_STATUS`) VALUES (-31007, -31000, 6, '确认放款', '确认放款', '0', 'supplyConfirmLoanHandler', '/flow/supplierFinance/loanEnsure', '2', '', NULL, 17112, 'hubl5', '20161206', '152250', 17112, 'hubl5', '20161206', '152250', NULL, NULL)$$
REPLACE INTO `t_sys_wf_node` (`ID`, `L_BASE_ID`, `N_SEQ`, `C_NAME`, `C_NICKNAME`, `C_IS_DISABLED`, `C_HANDLER`, `C_FORM`, `C_TYPE`, `C_OPERROLE`, `C_MONEY_VARIABLE`, `L_REG_OPERID`, `C_REG_OPERNAME`, `D_REG_DATE`, `T_REG_TIME`, `L_MODI_OPERID`, `C_MODI_OPERNAME`, `D_MODI_DATE`, `T_MODI_TIME`, `C_BUSIN_STATUS`, `C_LAST_STATUS`) VALUES (-31006, -31000, 5, '核心企业-确认供应商贸易背景子流程', '确认贸易背景', '0', '', '', '4', 'CORE_USER', NULL, 17112, 'hubl5', '20161206', '152250', 17112, 'hubl5', '20161206', '152250', NULL, NULL)$$
REPLACE INTO `t_sys_wf_node` (`ID`, `L_BASE_ID`, `N_SEQ`, `C_NAME`, `C_NICKNAME`, `C_IS_DISABLED`, `C_HANDLER`, `C_FORM`, `C_TYPE`, `C_OPERROLE`, `C_MONEY_VARIABLE`, `L_REG_OPERID`, `C_REG_OPERNAME`, `D_REG_DATE`, `T_REG_TIME`, `L_MODI_OPERID`, `C_MODI_OPERNAME`, `D_MODI_DATE`, `T_MODI_TIME`, `C_BUSIN_STATUS`, `C_LAST_STATUS`) VALUES (-31005, -31000, 4, '发起贸易背景确认', '发起贸易背景确认', '0', 'supplyRequestTradingBackgrandHandler', '/flow/supplierFinance/signAction', '2', '', NULL, 17112, 'hubl5', '20161206', '152250', 17112, 'hubl5', '20161206', '152250', NULL, NULL)$$
REPLACE INTO `t_sys_wf_node` (`ID`, `L_BASE_ID`, `N_SEQ`, `C_NAME`, `C_NICKNAME`, `C_IS_DISABLED`, `C_HANDLER`, `C_FORM`, `C_TYPE`, `C_OPERROLE`, `C_MONEY_VARIABLE`, `L_REG_OPERID`, `C_REG_OPERNAME`, `D_REG_DATE`, `T_REG_TIME`, `L_MODI_OPERID`, `C_MODI_OPERNAME`, `D_MODI_DATE`, `T_MODI_TIME`, `C_BUSIN_STATUS`, `C_LAST_STATUS`) VALUES (-31004, -31000, 3, '供应商-融资确认融资方案子流程', '确认融资方案', '0', '', '', '4', 'SUPPLIER_USER', NULL, 17112, 'hubl5', '20161206', '152250', 17112, 'hubl5', '20161206', '152250', NULL, NULL)$$
REPLACE INTO `t_sys_wf_node` (`ID`, `L_BASE_ID`, `N_SEQ`, `C_NAME`, `C_NICKNAME`, `C_IS_DISABLED`, `C_HANDLER`, `C_FORM`, `C_TYPE`, `C_OPERROLE`, `C_MONEY_VARIABLE`, `L_REG_OPERID`, `C_REG_OPERNAME`, `D_REG_DATE`, `T_REG_TIME`, `L_MODI_OPERID`, `C_MODI_OPERNAME`, `D_MODI_DATE`, `T_MODI_TIME`, `C_BUSIN_STATUS`, `C_LAST_STATUS`) VALUES (-31003, -31000, 2, '出具融资方案', '出具融资方案', '0', 'supplyOfferSchemeHandler', '/flow/supplierFinance/issuePlan', '2', '', NULL, 17112, 'hubl5', '20161206', '152250', 17112, 'hubl5', '20161206', '152250', NULL, NULL)$$
REPLACE INTO `t_sys_wf_node` (`ID`, `L_BASE_ID`, `N_SEQ`, `C_NAME`, `C_NICKNAME`, `C_IS_DISABLED`, `C_HANDLER`, `C_FORM`, `C_TYPE`, `C_OPERROLE`, `C_MONEY_VARIABLE`, `L_REG_OPERID`, `C_REG_OPERNAME`, `D_REG_DATE`, `T_REG_TIME`, `L_MODI_OPERID`, `C_MODI_OPERNAME`, `D_MODI_DATE`, `T_MODI_TIME`, `C_BUSIN_STATUS`, `C_LAST_STATUS`) VALUES (-31002, -31000, 1, '供应商-融资申请子流程', '融资申请', '0', NULL, '', '4', 'SUPPLIER_USER', NULL, 17112, 'hubl5', '20161206', '152250', 17112, 'hubl5', '20161206', '152250', NULL, NULL)$$
REPLACE INTO `t_sys_wf_node` (`ID`, `L_BASE_ID`, `N_SEQ`, `C_NAME`, `C_NICKNAME`, `C_IS_DISABLED`, `C_HANDLER`, `C_FORM`, `C_TYPE`, `C_OPERROLE`, `C_MONEY_VARIABLE`, `L_REG_OPERID`, `C_REG_OPERNAME`, `D_REG_DATE`, `T_REG_TIME`, `L_MODI_OPERID`, `C_MODI_OPERNAME`, `D_MODI_DATE`, `T_MODI_TIME`, `C_BUSIN_STATUS`, `C_LAST_STATUS`) VALUES (-31001, -31000, 0, '开始', '开始', '0', NULL, NULL, '0', NULL, NULL, 0, NULL, '20161118', NULL, NULL, NULL, '20161118', NULL, NULL, NULL)$$


###### --供应商规则---######
REPLACE INTO `t_rule_validator` (`C_SYS`, `C_VALID_NAME`, `C_SHOW_NAME`, `C_NAME`, `C_MUSTITEM`, `C_DATA_TYPE`, `N_DATA_LEN`, `N_DATA_SCALE`, `F_MAX`, `F_MIN`, `C_VALIDATOR`, `C_PATTERN`, `D_REGDATE`, `D_MODIDATE`, `C_DESCRIPTION`, `C_BUSIN_FIELD`, `C_DEPENDS`, `C_MESSAGE`, `C_REF_VALUE`) VALUES ('SCF', 'smsCode', '短信验证码', 'smsCode', '0', 'BD', 18, 0, 18, 0, NULL, NULL, '20160719', '20160719', 'smsCode', NULL, NULL, NULL, NULL)$$

REPLACE INTO `t_rule_busin` (`C_NAME`, `C_TYPE`, `C_EXECUTE_CONTENT`, `C_DESCRIPTION`, `C_GROUP`, `C_ERRORINFO`, `C_STATUS`, `D_REGDATE`, `D_MODIDATE`, `ID`, `C_VERSION`, `C_FUNC`, `C_ENTITY`) VALUES ('supply_application', NULL, NULL, '新增融资申请', NULL, NULL, '1', '20160614', '20160725', 33001, NULL, 'IScfSupplyApprovalService.application', 'com.betterjr.modules.loan.entity.ScfRequest')$$
REPLACE INTO `t_rule_busin` (`C_NAME`, `C_TYPE`, `C_EXECUTE_CONTENT`, `C_DESCRIPTION`, `C_GROUP`, `C_ERRORINFO`, `C_STATUS`, `D_REGDATE`, `D_MODIDATE`, `ID`, `C_VERSION`, `C_FUNC`, `C_ENTITY`) VALUES ('supply_offerScheme', NULL, NULL, '审批-出具融资方案', NULL, NULL, '1', '20160728', '20160728', 33002, NULL, 'IScfSupplyApprovalService.offerScheme', 'com.betterjr.modules.loan.entity.ScfRequestScheme')$$
REPLACE INTO `t_rule_busin` (`C_NAME`, `C_TYPE`, `C_EXECUTE_CONTENT`, `C_DESCRIPTION`, `C_GROUP`, `C_ERRORINFO`, `C_STATUS`, `D_REGDATE`, `D_MODIDATE`, `ID`, `C_VERSION`, `C_FUNC`, `C_ENTITY`) VALUES ('supply_confirmScheme', NULL, NULL, '审批-确认融资方案', NULL, NULL, '1', '20160728', '20160728', 33003, NULL, 'IScfSupplyApprovalService.confirmScheme', 'java.util.HashMap')$$
REPLACE INTO `t_rule_busin` (`C_NAME`, `C_TYPE`, `C_EXECUTE_CONTENT`, `C_DESCRIPTION`, `C_GROUP`, `C_ERRORINFO`, `C_STATUS`, `D_REGDATE`, `D_MODIDATE`, `ID`, `C_VERSION`, `C_FUNC`, `C_ENTITY`) VALUES ('supply_requestTradingBackgrand', NULL, NULL, '审批-发起贸易背景确认', NULL, NULL, '1', '20160728', '20160728', 33004, NULL, 'IScfSupplyApprovalService.requestTradingBackgrand', 'java.util.HashMap')$$
REPLACE INTO `t_rule_busin` (`C_NAME`, `C_TYPE`, `C_EXECUTE_CONTENT`, `C_DESCRIPTION`, `C_GROUP`, `C_ERRORINFO`, `C_STATUS`, `D_REGDATE`, `D_MODIDATE`, `ID`, `C_VERSION`, `C_FUNC`, `C_ENTITY`) VALUES ('supply_confirmTradingBackgrand', NULL, NULL, '审批-确认贸易背景', NULL, NULL, '1', '20160728', '20160728', 33005, NULL, 'IScfSupplyApprovalService.confirmTradingBackgrand', 'java.util.HashMap')$$
REPLACE INTO `t_rule_busin` (`C_NAME`, `C_TYPE`, `C_EXECUTE_CONTENT`, `C_DESCRIPTION`, `C_GROUP`, `C_ERRORINFO`, `C_STATUS`, `D_REGDATE`, `D_MODIDATE`, `ID`, `C_VERSION`, `C_FUNC`, `C_ENTITY`) VALUES ('supply_confirmLoan', NULL, NULL, '审批-确认放款', NULL, NULL, '1', '20160728', '20160728', 33006, NULL, 'IScfSupplyApprovalService.confirmLoan', 'com.betterjr.modules.loan.entity.ScfLoan')$$
REPLACE INTO `t_rule_busin` (`C_NAME`, `C_TYPE`, `C_EXECUTE_CONTENT`, `C_DESCRIPTION`, `C_GROUP`, `C_ERRORINFO`, `C_STATUS`, `D_REGDATE`, `D_MODIDATE`, `ID`, `C_VERSION`, `C_FUNC`, `C_ENTITY`) VALUES ('supply_endFlow', NULL, NULL, '审批-结束', NULL, NULL, '1', '20160728', '20160728', 33007, NULL, 'IScfSupplyApprovalService.endFlow', 'java.util.HashMap')$$
REPLACE INTO `t_rule_busin` (`C_NAME`, `C_TYPE`, `C_EXECUTE_CONTENT`, `C_DESCRIPTION`, `C_GROUP`, `C_ERRORINFO`, `C_STATUS`, `D_REGDATE`, `D_MODIDATE`, `ID`, `C_VERSION`, `C_FUNC`, `C_ENTITY`) VALUES ('finance_loan', NULL, NULL, '放款', NULL, NULL, '1', '20160728', '20160728', 33008, NULL, 'IScfRequestService.webLoan', 'com.betterjr.modules.loan.entity.ScfLoan')$$
REPLACE INTO `t_rule_busin` (`C_NAME`, `C_TYPE`, `C_EXECUTE_CONTENT`, `C_DESCRIPTION`, `C_GROUP`, `C_ERRORINFO`, `C_STATUS`, `D_REGDATE`, `D_MODIDATE`, `ID`, `C_VERSION`, `C_FUNC`, `C_ENTITY`) VALUES ('custQueryRequest', NULL, NULL, '申请企业查询', NULL, NULL, '1', '20160728', '20160728', 33009, NULL, 'IScfRequestService.webCustQueryRequest', 'java.util.HashMap')$$
                    

delete from t_rule_busin_validator where C_BUSIN_NAME='seller_application'
REPLACE INTO `t_rule_busin_validator` (`ID`, `C_BUSIN_NAME`, `C_VALID_NAME`, `N_PRIORITY`, `C_STATUS`, `D_REGDATE`, `D_MODIDATE`, `C_SHOW_NAME`, `C_NAME`, `C_MUSTITEM`) VALUES (33001, 'supply_application', 'requestNo', 1, '1', NULL, NULL, NULL, NULL, NULL)$$
REPLACE INTO `t_rule_busin_validator` (`ID`, `C_BUSIN_NAME`, `C_VALID_NAME`, `N_PRIORITY`, `C_STATUS`, `D_REGDATE`, `D_MODIDATE`, `C_SHOW_NAME`, `C_NAME`, `C_MUSTITEM`) VALUES (33002, 'supply_application', 'custNo', 1, '1', NULL, NULL, NULL, NULL, NULL)$$
REPLACE INTO `t_rule_busin_validator` (`ID`, `C_BUSIN_NAME`, `C_VALID_NAME`, `N_PRIORITY`, `C_STATUS`, `D_REGDATE`, `D_MODIDATE`, `C_SHOW_NAME`, `C_NAME`, `C_MUSTITEM`) VALUES (33003, 'supply_application', 'factorNo', 1, '1', NULL, NULL, NULL, NULL, NULL)$$
REPLACE INTO `t_rule_busin_validator` (`ID`, `C_BUSIN_NAME`, `C_VALID_NAME`, `N_PRIORITY`, `C_STATUS`, `D_REGDATE`, `D_MODIDATE`, `C_SHOW_NAME`, `C_NAME`, `C_MUSTITEM`) VALUES (33004, 'supply_application', 'coreCustNo', 1, '1', NULL, NULL, NULL, NULL, NULL)$$
REPLACE INTO `t_rule_busin_validator` (`ID`, `C_BUSIN_NAME`, `C_VALID_NAME`, `N_PRIORITY`, `C_STATUS`, `D_REGDATE`, `D_MODIDATE`, `C_SHOW_NAME`, `C_NAME`, `C_MUSTITEM`) VALUES (33005, 'supply_application', 'requestType', 1, '1', NULL, NULL, NULL, NULL, NULL)$$
REPLACE INTO `t_rule_busin_validator` (`ID`, `C_BUSIN_NAME`, `C_VALID_NAME`, `N_PRIORITY`, `C_STATUS`, `D_REGDATE`, `D_MODIDATE`, `C_SHOW_NAME`, `C_NAME`, `C_MUSTITEM`) VALUES (33006, 'supply_application', 'balance', 1, '1', NULL, NULL, NULL, NULL, NULL)$$
REPLACE INTO `t_rule_busin_validator` (`ID`, `C_BUSIN_NAME`, `C_VALID_NAME`, `N_PRIORITY`, `C_STATUS`, `D_REGDATE`, `D_MODIDATE`, `C_SHOW_NAME`, `C_NAME`, `C_MUSTITEM`) VALUES (33007, 'supply_application', 'scfdev', 1, '1', NULL, NULL, NULL, NULL, NULL)$$
REPLACE INTO `t_rule_busin_validator` (`ID`, `C_BUSIN_NAME`, `C_VALID_NAME`, `N_PRIORITY`, `C_STATUS`, `D_REGDATE`, `D_MODIDATE`, `C_SHOW_NAME`, `C_NAME`, `C_MUSTITEM`) VALUES (33008, 'supply_application', 'creditMode', 1, '1', NULL, NULL, NULL, NULL, NULL)$$
REPLACE INTO `t_rule_busin_validator` (`ID`, `C_BUSIN_NAME`, `C_VALID_NAME`, `N_PRIORITY`, `C_STATUS`, `D_REGDATE`, `D_MODIDATE`, `C_SHOW_NAME`, `C_NAME`, `C_MUSTITEM`) VALUES (33009, 'supply_application', 'loanBalance', 1, '1', NULL, NULL, NULL, NULL, NULL)$$
REPLACE INTO `t_rule_busin_validator` (`ID`, `C_BUSIN_NAME`, `C_VALID_NAME`, `N_PRIORITY`, `C_STATUS`, `D_REGDATE`, `D_MODIDATE`, `C_SHOW_NAME`, `C_NAME`, `C_MUSTITEM`) VALUES (33010, 'supply_application', 'actualDate', 1, '1', NULL, NULL, NULL, NULL, NULL)$$
REPLACE INTO `t_rule_busin_validator` (`ID`, `C_BUSIN_NAME`, `C_VALID_NAME`, `N_PRIORITY`, `C_STATUS`, `D_REGDATE`, `D_MODIDATE`, `C_SHOW_NAME`, `C_NAME`, `C_MUSTITEM`) VALUES (33011, 'supply_application', 'endDate', 1, '1', NULL, NULL, NULL, NULL, NULL)$$
REPLACE INTO `t_rule_busin_validator` (`ID`, `C_BUSIN_NAME`, `C_VALID_NAME`, `N_PRIORITY`, `C_STATUS`, `D_REGDATE`, `D_MODIDATE`, `C_SHOW_NAME`, `C_NAME`, `C_MUSTITEM`) VALUES (33012, 'supply_application', 'period', 1, '1', NULL, NULL, NULL, NULL, NULL)$$
REPLACE INTO `t_rule_busin_validator` (`ID`, `C_BUSIN_NAME`, `C_VALID_NAME`, `N_PRIORITY`, `C_STATUS`, `D_REGDATE`, `D_MODIDATE`, `C_SHOW_NAME`, `C_NAME`, `C_MUSTITEM`) VALUES (33013, 'supply_application', 'productId', 1, '1', NULL, NULL, NULL, NULL, NULL)$$
REPLACE INTO `t_rule_busin_validator` (`ID`, `C_BUSIN_NAME`, `C_VALID_NAME`, `N_PRIORITY`, `C_STATUS`, `D_REGDATE`, `D_MODIDATE`, `C_SHOW_NAME`, `C_NAME`, `C_MUSTITEM`) VALUES (33014, 'supply_application', 'orders', 1, '1', NULL, NULL, NULL, NULL, NULL)$$
REPLACE INTO `t_rule_busin_validator` (`ID`, `C_BUSIN_NAME`, `C_VALID_NAME`, `N_PRIORITY`, `C_STATUS`, `D_REGDATE`, `D_MODIDATE`, `C_SHOW_NAME`, `C_NAME`, `C_MUSTITEM`) VALUES (33015, 'supply_application', 'periodUnit', 1, '1', NULL, NULL, NULL, NULL, NULL)$$
REPLACE INTO `t_rule_busin_validator` (`ID`, `C_BUSIN_NAME`, `C_VALID_NAME`, `N_PRIORITY`, `C_STATUS`, `D_REGDATE`, `D_MODIDATE`, `C_SHOW_NAME`, `C_NAME`, `C_MUSTITEM`) VALUES (33016, 'supply_application', 'offerId', 1, '1', NULL, NULL, NULL, NULL, NULL)$$
REPLACE INTO `t_rule_busin_validator` (`ID`, `C_BUSIN_NAME`, `C_VALID_NAME`, `N_PRIORITY`, `C_STATUS`, `D_REGDATE`, `D_MODIDATE`, `C_SHOW_NAME`, `C_NAME`, `C_MUSTITEM`) VALUES (33017, 'supply_application', 'requestFrom', 1, '1', NULL, NULL, NULL, NULL, NULL)$$
REPLACE INTO `t_rule_busin_validator` (`ID`, `C_BUSIN_NAME`, `C_VALID_NAME`, `N_PRIORITY`, `C_STATUS`, `D_REGDATE`, `D_MODIDATE`, `C_SHOW_NAME`, `C_NAME`, `C_MUSTITEM`) VALUES (33018, 'supply_confirmLoan', 'requestNo', 5, '1', NULL, NULL, NULL, NULL, NULL)$$
REPLACE INTO `t_rule_busin_validator` (`ID`, `C_BUSIN_NAME`, `C_VALID_NAME`, `N_PRIORITY`, `C_STATUS`, `D_REGDATE`, `D_MODIDATE`, `C_SHOW_NAME`, `C_NAME`, `C_MUSTITEM`) VALUES (33019, 'supply_confirmLoan', 'loanDate', 5, '1', NULL, NULL, NULL, NULL, NULL)$$
REPLACE INTO `t_rule_busin_validator` (`ID`, `C_BUSIN_NAME`, `C_VALID_NAME`, `N_PRIORITY`, `C_STATUS`, `D_REGDATE`, `D_MODIDATE`, `C_SHOW_NAME`, `C_NAME`, `C_MUSTITEM`) VALUES (33020, 'supply_confirmLoan', 'endDate', 5, '1', NULL, NULL, NULL, NULL, NULL)$$
REPLACE INTO `t_rule_busin_validator` (`ID`, `C_BUSIN_NAME`, `C_VALID_NAME`, `N_PRIORITY`, `C_STATUS`, `D_REGDATE`, `D_MODIDATE`, `C_SHOW_NAME`, `C_NAME`, `C_MUSTITEM`) VALUES (33021, 'supply_confirmLoan', 'loanBalance', 5, '1', NULL, NULL, NULL, NULL, NULL)$$
REPLACE INTO `t_rule_busin_validator` (`ID`, `C_BUSIN_NAME`, `C_VALID_NAME`, `N_PRIORITY`, `C_STATUS`, `D_REGDATE`, `D_MODIDATE`, `C_SHOW_NAME`, `C_NAME`, `C_MUSTITEM`) VALUES (33022, 'supply_confirmLoan', 'servicefeeBalance', 5, '1', NULL, NULL, NULL, NULL, NULL)$$
REPLACE INTO `t_rule_busin_validator` (`ID`, `C_BUSIN_NAME`, `C_VALID_NAME`, `N_PRIORITY`, `C_STATUS`, `D_REGDATE`, `D_MODIDATE`, `C_SHOW_NAME`, `C_NAME`, `C_MUSTITEM`) VALUES (33023, 'supply_confirmLoan', 'interestBalance', 5, '1', NULL, NULL, NULL, NULL, NULL)$$
REPLACE INTO `t_rule_busin_validator` (`ID`, `C_BUSIN_NAME`, `C_VALID_NAME`, `N_PRIORITY`, `C_STATUS`, `D_REGDATE`, `D_MODIDATE`, `C_SHOW_NAME`, `C_NAME`, `C_MUSTITEM`) VALUES (33024, 'supply_confirmLoan', 'managementBalance', 5, '1', NULL, NULL, NULL, NULL, NULL)$$
REPLACE INTO `t_rule_busin_validator` (`ID`, `C_BUSIN_NAME`, `C_VALID_NAME`, `N_PRIORITY`, `C_STATUS`, `D_REGDATE`, `D_MODIDATE`, `C_SHOW_NAME`, `C_NAME`, `C_MUSTITEM`) VALUES (33025, 'supply_confirmScheme', 'businStatus', 1, '1', NULL, NULL, NULL, NULL, NULL)$$
REPLACE INTO `t_rule_busin_validator` (`ID`, `C_BUSIN_NAME`, `C_VALID_NAME`, `N_PRIORITY`, `C_STATUS`, `D_REGDATE`, `D_MODIDATE`, `C_SHOW_NAME`, `C_NAME`, `C_MUSTITEM`) VALUES (33026, 'supply_confirmScheme', 'requestNo', 1, '1', NULL, NULL, NULL, NULL, NULL)$$
REPLACE INTO `t_rule_busin_validator` (`ID`, `C_BUSIN_NAME`, `C_VALID_NAME`, `N_PRIORITY`, `C_STATUS`, `D_REGDATE`, `D_MODIDATE`, `C_SHOW_NAME`, `C_NAME`, `C_MUSTITEM`) VALUES (33046, 'supply_confirmScheme', 'smsCode', 1, '1', NULL, NULL, NULL, NULL, NULL)$$
REPLACE INTO `t_rule_busin_validator` (`ID`, `C_BUSIN_NAME`, `C_VALID_NAME`, `N_PRIORITY`, `C_STATUS`, `D_REGDATE`, `D_MODIDATE`, `C_SHOW_NAME`, `C_NAME`, `C_MUSTITEM`) VALUES (33027, 'supply_confirmTradingBackgrand', 'requestNo', 1, '1', NULL, NULL, NULL, NULL, NULL)$$
REPLACE INTO `t_rule_busin_validator` (`ID`, `C_BUSIN_NAME`, `C_VALID_NAME`, `N_PRIORITY`, `C_STATUS`, `D_REGDATE`, `D_MODIDATE`, `C_SHOW_NAME`, `C_NAME`, `C_MUSTITEM`) VALUES (33028, 'supply_confirmTradingBackgrand', 'businStatus', 1, '1', NULL, NULL, NULL, NULL, NULL)$$
REPLACE INTO `t_rule_busin_validator` (`ID`, `C_BUSIN_NAME`, `C_VALID_NAME`, `N_PRIORITY`, `C_STATUS`, `D_REGDATE`, `D_MODIDATE`, `C_SHOW_NAME`, `C_NAME`, `C_MUSTITEM`) VALUES (33047, 'supply_confirmTradingBackgrand', 'smsCode', 1, '1', NULL, NULL, NULL, NULL, NULL)$$
REPLACE INTO `t_rule_busin_validator` (`ID`, `C_BUSIN_NAME`, `C_VALID_NAME`, `N_PRIORITY`, `C_STATUS`, `D_REGDATE`, `D_MODIDATE`, `C_SHOW_NAME`, `C_NAME`, `C_MUSTITEM`) VALUES (33029, 'supply_offerScheme', 'requestNo', 1, '1', NULL, NULL, NULL, NULL, NULL)$$
REPLACE INTO `t_rule_busin_validator` (`ID`, `C_BUSIN_NAME`, `C_VALID_NAME`, `N_PRIORITY`, `C_STATUS`, `D_REGDATE`, `D_MODIDATE`, `C_SHOW_NAME`, `C_NAME`, `C_MUSTITEM`) VALUES (33030, 'supply_offerScheme', 'requestBalance', 1, '1', NULL, NULL, NULL, NULL, NULL)$$
REPLACE INTO `t_rule_busin_validator` (`ID`, `C_BUSIN_NAME`, `C_VALID_NAME`, `N_PRIORITY`, `C_STATUS`, `D_REGDATE`, `D_MODIDATE`, `C_SHOW_NAME`, `C_NAME`, `C_MUSTITEM`) VALUES (33031, 'supply_offerScheme', 'approvedBalance', 1, '1', NULL, NULL, NULL, NULL, NULL)$$
REPLACE INTO `t_rule_busin_validator` (`ID`, `C_BUSIN_NAME`, `C_VALID_NAME`, `N_PRIORITY`, `C_STATUS`, `D_REGDATE`, `D_MODIDATE`, `C_SHOW_NAME`, `C_NAME`, `C_MUSTITEM`) VALUES (33032, 'supply_offerScheme', 'approvedRatio', 1, '1', NULL, NULL, NULL, NULL, NULL)$$
REPLACE INTO `t_rule_busin_validator` (`ID`, `C_BUSIN_NAME`, `C_VALID_NAME`, `N_PRIORITY`, `C_STATUS`, `D_REGDATE`, `D_MODIDATE`, `C_SHOW_NAME`, `C_NAME`, `C_MUSTITEM`) VALUES (33033, 'supply_offerScheme', 'approvedManagementRatio', 1, '1', NULL, NULL, NULL, NULL, NULL)$$
REPLACE INTO `t_rule_busin_validator` (`ID`, `C_BUSIN_NAME`, `C_VALID_NAME`, `N_PRIORITY`, `C_STATUS`, `D_REGDATE`, `D_MODIDATE`, `C_SHOW_NAME`, `C_NAME`, `C_MUSTITEM`) VALUES (33034, 'supply_offerScheme', 'servicefeeRatio', 1, '1', NULL, NULL, NULL, NULL, NULL)$$
REPLACE INTO `t_rule_busin_validator` (`ID`, `C_BUSIN_NAME`, `C_VALID_NAME`, `N_PRIORITY`, `C_STATUS`, `D_REGDATE`, `D_MODIDATE`, `C_SHOW_NAME`, `C_NAME`, `C_MUSTITEM`) VALUES (33035, 'supply_offerScheme', 'periodUnit', 1, '1', NULL, NULL, NULL, NULL, NULL)$$
REPLACE INTO `t_rule_busin_validator` (`ID`, `C_BUSIN_NAME`, `C_VALID_NAME`, `N_PRIORITY`, `C_STATUS`, `D_REGDATE`, `D_MODIDATE`, `C_SHOW_NAME`, `C_NAME`, `C_MUSTITEM`) VALUES (33036, 'supply_offerScheme', 'period', 1, '1', NULL, NULL, NULL, NULL, NULL)$$
REPLACE INTO `t_rule_busin_validator` (`ID`, `C_BUSIN_NAME`, `C_VALID_NAME`, `N_PRIORITY`, `C_STATUS`, `D_REGDATE`, `D_MODIDATE`, `C_SHOW_NAME`, `C_NAME`, `C_MUSTITEM`) VALUES (33037, 'supply_offerScheme', 'creditMode', 1, '1', NULL, NULL, NULL, NULL, NULL)$$
REPLACE INTO `t_rule_busin_validator` (`ID`, `C_BUSIN_NAME`, `C_VALID_NAME`, `N_PRIORITY`, `C_STATUS`, `D_REGDATE`, `D_MODIDATE`, `C_SHOW_NAME`, `C_NAME`, `C_MUSTITEM`) VALUES (33038, 'supply_offerScheme', 'custAduit', 1, '1', NULL, NULL, NULL, NULL, NULL)$$
REPLACE INTO `t_rule_busin_validator` (`ID`, `C_BUSIN_NAME`, `C_VALID_NAME`, `N_PRIORITY`, `C_STATUS`, `D_REGDATE`, `D_MODIDATE`, `C_SHOW_NAME`, `C_NAME`, `C_MUSTITEM`) VALUES (33039, 'supply_offerScheme', 'coreCustAduit', 1, '1', NULL, NULL, NULL, NULL, NULL)$$
REPLACE INTO `t_rule_busin_validator` (`ID`, `C_BUSIN_NAME`, `C_VALID_NAME`, `N_PRIORITY`, `C_STATUS`, `D_REGDATE`, `D_MODIDATE`, `C_SHOW_NAME`, `C_NAME`, `C_MUSTITEM`) VALUES (33040, 'supply_offerScheme', 'approvedPeriod', 1, '1', NULL, NULL, NULL, NULL, NULL)$$
REPLACE INTO `t_rule_busin_validator` (`ID`, `C_BUSIN_NAME`, `C_VALID_NAME`, `N_PRIORITY`, `C_STATUS`, `D_REGDATE`, `D_MODIDATE`, `C_SHOW_NAME`, `C_NAME`, `C_MUSTITEM`) VALUES (33041, 'supply_offerScheme', 'description', 1, '1', NULL, NULL, NULL, NULL, NULL)$$
REPLACE INTO `t_rule_busin_validator` (`ID`, `C_BUSIN_NAME`, `C_VALID_NAME`, `N_PRIORITY`, `C_STATUS`, `D_REGDATE`, `D_MODIDATE`, `C_SHOW_NAME`, `C_NAME`, `C_MUSTITEM`) VALUES (33042, 'supply_offerScheme', 'approvalResult', 1, '1', NULL, NULL, NULL, NULL, NULL)$$
REPLACE INTO `t_rule_busin_validator` (`ID`, `C_BUSIN_NAME`, `C_VALID_NAME`, `N_PRIORITY`, `C_STATUS`, `D_REGDATE`, `D_MODIDATE`, `C_SHOW_NAME`, `C_NAME`, `C_MUSTITEM`) VALUES (33043, 'supply_offerScheme', 'returnNode', 1, '1', NULL, NULL, NULL, NULL, NULL)$$
REPLACE INTO `t_rule_busin_validator` (`ID`, `C_BUSIN_NAME`, `C_VALID_NAME`, `N_PRIORITY`, `C_STATUS`, `D_REGDATE`, `D_MODIDATE`, `C_SHOW_NAME`, `C_NAME`, `C_MUSTITEM`) VALUES (33044, 'supply_offerScheme', 'approvedPeriodUnit', 1, '1', NULL, NULL, NULL, NULL, NULL)$$
REPLACE INTO `t_rule_busin_validator` (`ID`, `C_BUSIN_NAME`, `C_VALID_NAME`, `N_PRIORITY`, `C_STATUS`, `D_REGDATE`, `D_MODIDATE`, `C_SHOW_NAME`, `C_NAME`, `C_MUSTITEM`) VALUES (33045, 'supply_requestTradingBackgrand', 'requestNo', 1, '1', NULL, NULL, NULL, NULL, NULL)$$
REPLACE INTO `t_rule_busin_validator` (`ID`, `C_BUSIN_NAME`, `C_VALID_NAME`, `N_PRIORITY`, `C_STATUS`, `D_REGDATE`, `D_MODIDATE`, `C_SHOW_NAME`, `C_NAME`, `C_MUSTITEM`) VALUES (33048, 'supply_endFlow', 'requestNo', 1, '1', NULL, NULL, NULL, NULL, NULL)$$


REPLACE INTO `t_rule_busin_validator` (`ID`, `C_BUSIN_NAME`, `C_VALID_NAME`, `N_PRIORITY`, `C_STATUS`, `D_REGDATE`, `D_MODIDATE`, `C_SHOW_NAME`, `C_NAME`, `C_MUSTITEM`) VALUES (33051, 'finance_loan', 'requestNo', 5, '1', NULL, NULL, NULL, NULL, NULL)$$
REPLACE INTO `t_rule_busin_validator` (`ID`, `C_BUSIN_NAME`, `C_VALID_NAME`, `N_PRIORITY`, `C_STATUS`, `D_REGDATE`, `D_MODIDATE`, `C_SHOW_NAME`, `C_NAME`, `C_MUSTITEM`) VALUES (33052, 'finance_loan', 'loanDate', 5, '1', NULL, NULL, NULL, NULL, NULL)$$
REPLACE INTO `t_rule_busin_validator` (`ID`, `C_BUSIN_NAME`, `C_VALID_NAME`, `N_PRIORITY`, `C_STATUS`, `D_REGDATE`, `D_MODIDATE`, `C_SHOW_NAME`, `C_NAME`, `C_MUSTITEM`) VALUES (33053, 'finance_loan', 'endDate', 5, '1', NULL, NULL, NULL, NULL, NULL)$$
REPLACE INTO `t_rule_busin_validator` (`ID`, `C_BUSIN_NAME`, `C_VALID_NAME`, `N_PRIORITY`, `C_STATUS`, `D_REGDATE`, `D_MODIDATE`, `C_SHOW_NAME`, `C_NAME`, `C_MUSTITEM`) VALUES (33054, 'finance_loan', 'loanBalance', 5, '1', NULL, NULL, NULL, NULL, NULL)$$
REPLACE INTO `t_rule_busin_validator` (`ID`, `C_BUSIN_NAME`, `C_VALID_NAME`, `N_PRIORITY`, `C_STATUS`, `D_REGDATE`, `D_MODIDATE`, `C_SHOW_NAME`, `C_NAME`, `C_MUSTITEM`) VALUES (33055, 'finance_loan', 'servicefeeBalance', 5, '1', NULL, NULL, NULL, NULL, NULL)$$
REPLACE INTO `t_rule_busin_validator` (`ID`, `C_BUSIN_NAME`, `C_VALID_NAME`, `N_PRIORITY`, `C_STATUS`, `D_REGDATE`, `D_MODIDATE`, `C_SHOW_NAME`, `C_NAME`, `C_MUSTITEM`) VALUES (33056, 'finance_loan', 'interestBalance', 5, '1', NULL, NULL, NULL, NULL, NULL)$$
REPLACE INTO `t_rule_busin_validator` (`ID`, `C_BUSIN_NAME`, `C_VALID_NAME`, `N_PRIORITY`, `C_STATUS`, `D_REGDATE`, `D_MODIDATE`, `C_SHOW_NAME`, `C_NAME`, `C_MUSTITEM`) VALUES (33057, 'finance_loan', 'managementBalance', 5, '1', NULL, NULL, NULL, NULL, NULL)$$

REPLACE INTO `t_rule_validator` (`C_SYS`, `C_VALID_NAME`, `C_SHOW_NAME`, `C_NAME`, `C_MUSTITEM`, `C_DATA_TYPE`, `N_DATA_LEN`, `N_DATA_SCALE`, `F_MAX`, `F_MIN`, `D_REGDATE`, `D_MODIDATE`, `C_DESCRIPTION`) VALUES ('SCF', 'lastStatus', '状态', 'lastStatus', '0', 'C', 18, 0, 18, 0, '20160719', '20160719', '状态')$$
REPLACE INTO `t_rule_busin_validator` (`ID`, `C_BUSIN_NAME`, `C_VALID_NAME`, `N_PRIORITY`, `C_STATUS`, `D_REGDATE`, `D_MODIDATE`, `C_SHOW_NAME`, `C_NAME`, `C_MUSTITEM`) VALUES (33058, 'custQueryRequest', 'lastStatus', 5, '1', NULL, NULL, NULL, NULL, NULL)$$ 
REPLACE INTO `t_rule_busin_validator` (`ID`, `C_BUSIN_NAME`, `C_VALID_NAME`, `N_PRIORITY`, `C_STATUS`, `D_REGDATE`, `D_MODIDATE`, `C_SHOW_NAME`, `C_NAME`, `C_MUSTITEM`) VALUES (33059, 'custQueryRequest', 'custNo', 5, '1', NULL, NULL, NULL, NULL, NULL)$$
REPLACE INTO `t_rule_busin_validator` (`ID`, `C_BUSIN_NAME`, `C_VALID_NAME`, `N_PRIORITY`, `C_STATUS`, `D_REGDATE`, `D_MODIDATE`, `C_SHOW_NAME`, `C_NAME`, `C_MUSTITEM`) VALUES (33060, 'custQueryRequest', 'factorNo', 5, '1', NULL, NULL, NULL, NULL, NULL)$$
REPLACE INTO `t_rule_busin_validator` (`ID`, `C_BUSIN_NAME`, `C_VALID_NAME`, `N_PRIORITY`, `C_STATUS`, `D_REGDATE`, `D_MODIDATE`, `C_SHOW_NAME`, `C_NAME`, `C_MUSTITEM`) VALUES (33061, 'custQueryRequest', 'GTErequestDate', 1, '1', NULL, NULL, NULL, NULL, NULL)$$
REPLACE INTO `t_rule_busin_validator` (`ID`, `C_BUSIN_NAME`, `C_VALID_NAME`, `N_PRIORITY`, `C_STATUS`, `D_REGDATE`, `D_MODIDATE`, `C_SHOW_NAME`, `C_NAME`, `C_MUSTITEM`) VALUES (33062, 'custQueryRequest', 'LTErequestDate', 1, '1', NULL, NULL, NULL, NULL, NULL)$$
REPLACE INTO `t_rule_busin_validator` (`ID`, `C_BUSIN_NAME`, `C_VALID_NAME`, `N_PRIORITY`, `C_STATUS`, `D_REGDATE`, `D_MODIDATE`, `C_SHOW_NAME`, `C_NAME`, `C_MUSTITEM`) VALUES (33063, 'custQueryRequest', 'GTEactualDate', 1, '1', NULL, NULL, NULL, NULL, NULL)$$
REPLACE INTO `t_rule_busin_validator` (`ID`, `C_BUSIN_NAME`, `C_VALID_NAME`, `N_PRIORITY`, `C_STATUS`, `D_REGDATE`, `D_MODIDATE`, `C_SHOW_NAME`, `C_NAME`, `C_MUSTITEM`) VALUES (33064, 'custQueryRequest', 'LTEactualDate', 1, '1', NULL, NULL, NULL, NULL, NULL)$$
REPLACE INTO `t_rule_busin_validator` (`ID`, `C_BUSIN_NAME`, `C_VALID_NAME`, `N_PRIORITY`, `C_STATUS`, `D_REGDATE`, `D_MODIDATE`, `C_SHOW_NAME`, `C_NAME`, `C_MUSTITEM`) VALUES (33065, 'custQueryRequest', 'requestType', 5, '1', NULL, NULL, NULL, NULL, NULL)$$
REPLACE INTO `t_rule_busin_validator` (`ID`, `C_BUSIN_NAME`, `C_VALID_NAME`, `N_PRIORITY`, `C_STATUS`, `D_REGDATE`, `D_MODIDATE`, `C_SHOW_NAME`, `C_NAME`, `C_MUSTITEM`) VALUES (33066, 'custQueryRequest', 'requestNo', 5, '1', NULL, NULL, NULL, NULL, NULL)$$
REPLACE INTO `t_rule_busin_validator` (`ID`, `C_BUSIN_NAME`, `C_VALID_NAME`, `N_PRIORITY`, `C_STATUS`, `D_REGDATE`, `D_MODIDATE`, `C_SHOW_NAME`, `C_NAME`, `C_MUSTITEM`) VALUES (33067, 'custQueryRequest', 'blk-custType', 5, '1', NULL, NULL, NULL, NULL, NULL)$$
REPLACE INTO `t_rule_busin_validator` (`ID`, `C_BUSIN_NAME`, `C_VALID_NAME`, `N_PRIORITY`, `C_STATUS`, `D_REGDATE`, `D_MODIDATE`, `C_SHOW_NAME`, `C_NAME`, `C_MUSTITEM`) VALUES (33069, 'custQueryRequest', 'coreCustNo', 5, '1', NULL, NULL, NULL, NULL, NULL)$$



######---经销商规则---#########
REPLACE INTO `t_rule_busin` (`C_NAME`, `C_TYPE`, `C_EXECUTE_CONTENT`, `C_DESCRIPTION`, `C_GROUP`, `C_ERRORINFO`, `C_STATUS`, `D_REGDATE`, `D_MODIDATE`, `ID`, `C_VERSION`, `C_FUNC`, `C_ENTITY`) VALUES ('seller_application', NULL, NULL, '新增融资申请', NULL, NULL, '1', '20160614', '20160725', 34001, NULL, 'IScfSellerApprovalService.application', 'com.betterjr.modules.loan.entity.ScfRequest')$$
REPLACE INTO `t_rule_busin` (`C_NAME`, `C_TYPE`, `C_EXECUTE_CONTENT`, `C_DESCRIPTION`, `C_GROUP`, `C_ERRORINFO`, `C_STATUS`, `D_REGDATE`, `D_MODIDATE`, `ID`, `C_VERSION`, `C_FUNC`, `C_ENTITY`) VALUES ('seller_offerScheme', NULL, NULL, '审批-出具融资方案', NULL, NULL, '1', '20160728', '20160728', 34002, NULL, 'IScfSellerApprovalService.offerScheme', 'com.betterjr.modules.loan.entity.ScfRequestScheme')$$
REPLACE INTO `t_rule_busin` (`C_NAME`, `C_TYPE`, `C_EXECUTE_CONTENT`, `C_DESCRIPTION`, `C_GROUP`, `C_ERRORINFO`, `C_STATUS`, `D_REGDATE`, `D_MODIDATE`, `ID`, `C_VERSION`, `C_FUNC`, `C_ENTITY`) VALUES ('seller_confirmScheme', NULL, NULL, '审批-确认融资方案', NULL, NULL, '1', '20160728', '20160728', 34003, NULL, 'IScfSellerApprovalService.confirmScheme', 'java.util.HashMap')$$
REPLACE INTO `t_rule_busin` (`C_NAME`, `C_TYPE`, `C_EXECUTE_CONTENT`, `C_DESCRIPTION`, `C_GROUP`, `C_ERRORINFO`, `C_STATUS`, `D_REGDATE`, `D_MODIDATE`, `ID`, `C_VERSION`, `C_FUNC`, `C_ENTITY`) VALUES ('seller_requestTradingBackgrand', NULL, NULL, '审批-发起贸易背景确认', NULL, NULL, '1', '20160728', '20160728', 34004, NULL, 'IScfSellerApprovalService.requestTradingBackgrand', 'java.util.HashMap')$$
REPLACE INTO `t_rule_busin` (`C_NAME`, `C_TYPE`, `C_EXECUTE_CONTENT`, `C_DESCRIPTION`, `C_GROUP`, `C_ERRORINFO`, `C_STATUS`, `D_REGDATE`, `D_MODIDATE`, `ID`, `C_VERSION`, `C_FUNC`, `C_ENTITY`) VALUES ('seller_confirmTradingBackgrand', NULL, NULL, '审批-确认贸易背景', NULL, NULL, '1', '20160728', '20160728', 34005, NULL, 'IScfSellerApprovalService.confirmTradingBackgrand', 'java.util.HashMap')$$
REPLACE INTO `t_rule_busin` (`C_NAME`, `C_TYPE`, `C_EXECUTE_CONTENT`, `C_DESCRIPTION`, `C_GROUP`, `C_ERRORINFO`, `C_STATUS`, `D_REGDATE`, `D_MODIDATE`, `ID`, `C_VERSION`, `C_FUNC`, `C_ENTITY`) VALUES ('seller_confirmLoan', NULL, NULL, '审批-确认放款', NULL, NULL, '1', '20160728', '20160728', 34006, NULL, 'IScfSellerApprovalService.confirmLoan', 'com.betterjr.modules.loan.entity.ScfLoan')$$
REPLACE INTO `t_rule_busin` (`C_NAME`, `C_TYPE`, `C_EXECUTE_CONTENT`, `C_DESCRIPTION`, `C_GROUP`, `C_ERRORINFO`, `C_STATUS`, `D_REGDATE`, `D_MODIDATE`, `ID`, `C_VERSION`, `C_FUNC`, `C_ENTITY`) VALUES ('seller_endFlow', NULL, NULL, '审批-结束', NULL, NULL, '1', '20160728', '20160728', 34007, NULL, 'IScfSellerApprovalService.endFlow', 'java.util.HashMap')$$

delete from t_rule_busin_validator where C_BUSIN_NAME='seller_application'
REPLACE INTO `t_rule_busin_validator` (`ID`, `C_BUSIN_NAME`, `C_VALID_NAME`, `N_PRIORITY`, `C_STATUS`, `D_REGDATE`, `D_MODIDATE`, `C_SHOW_NAME`, `C_NAME`, `C_MUSTITEM`) VALUES (34001, 'seller_application', 'requestNo', 1, '1', NULL, NULL, NULL, NULL, NULL)$$
REPLACE INTO `t_rule_busin_validator` (`ID`, `C_BUSIN_NAME`, `C_VALID_NAME`, `N_PRIORITY`, `C_STATUS`, `D_REGDATE`, `D_MODIDATE`, `C_SHOW_NAME`, `C_NAME`, `C_MUSTITEM`) VALUES (34002, 'seller_application', 'custNo', 1, '1', NULL, NULL, NULL, NULL, NULL)$$
REPLACE INTO `t_rule_busin_validator` (`ID`, `C_BUSIN_NAME`, `C_VALID_NAME`, `N_PRIORITY`, `C_STATUS`, `D_REGDATE`, `D_MODIDATE`, `C_SHOW_NAME`, `C_NAME`, `C_MUSTITEM`) VALUES (34003, 'seller_application', 'factorNo', 1, '1', NULL, NULL, NULL, NULL, NULL)$$
REPLACE INTO `t_rule_busin_validator` (`ID`, `C_BUSIN_NAME`, `C_VALID_NAME`, `N_PRIORITY`, `C_STATUS`, `D_REGDATE`, `D_MODIDATE`, `C_SHOW_NAME`, `C_NAME`, `C_MUSTITEM`) VALUES (34004, 'seller_application', 'coreCustNo', 1, '1', NULL, NULL, NULL, NULL, NULL)$$
REPLACE INTO `t_rule_busin_validator` (`ID`, `C_BUSIN_NAME`, `C_VALID_NAME`, `N_PRIORITY`, `C_STATUS`, `D_REGDATE`, `D_MODIDATE`, `C_SHOW_NAME`, `C_NAME`, `C_MUSTITEM`) VALUES (34005, 'seller_application', 'requestType', 1, '1', NULL, NULL, NULL, NULL, NULL)$$
REPLACE INTO `t_rule_busin_validator` (`ID`, `C_BUSIN_NAME`, `C_VALID_NAME`, `N_PRIORITY`, `C_STATUS`, `D_REGDATE`, `D_MODIDATE`, `C_SHOW_NAME`, `C_NAME`, `C_MUSTITEM`) VALUES (34006, 'seller_application', 'balance', 1, '1', NULL, NULL, NULL, NULL, NULL)$$
REPLACE INTO `t_rule_busin_validator` (`ID`, `C_BUSIN_NAME`, `C_VALID_NAME`, `N_PRIORITY`, `C_STATUS`, `D_REGDATE`, `D_MODIDATE`, `C_SHOW_NAME`, `C_NAME`, `C_MUSTITEM`) VALUES (34007, 'seller_application', 'scfdev', 1, '1', NULL, NULL, NULL, NULL, NULL)$$
REPLACE INTO `t_rule_busin_validator` (`ID`, `C_BUSIN_NAME`, `C_VALID_NAME`, `N_PRIORITY`, `C_STATUS`, `D_REGDATE`, `D_MODIDATE`, `C_SHOW_NAME`, `C_NAME`, `C_MUSTITEM`) VALUES (34008, 'seller_application', 'creditMode', 1, '1', NULL, NULL, NULL, NULL, NULL)$$
REPLACE INTO `t_rule_busin_validator` (`ID`, `C_BUSIN_NAME`, `C_VALID_NAME`, `N_PRIORITY`, `C_STATUS`, `D_REGDATE`, `D_MODIDATE`, `C_SHOW_NAME`, `C_NAME`, `C_MUSTITEM`) VALUES (34009, 'seller_application', 'loanBalance', 1, '1', NULL, NULL, NULL, NULL, NULL)$$
REPLACE INTO `t_rule_busin_validator` (`ID`, `C_BUSIN_NAME`, `C_VALID_NAME`, `N_PRIORITY`, `C_STATUS`, `D_REGDATE`, `D_MODIDATE`, `C_SHOW_NAME`, `C_NAME`, `C_MUSTITEM`) VALUES (34010, 'seller_application', 'actualDate', 1, '1', NULL, NULL, NULL, NULL, NULL)$$
REPLACE INTO `t_rule_busin_validator` (`ID`, `C_BUSIN_NAME`, `C_VALID_NAME`, `N_PRIORITY`, `C_STATUS`, `D_REGDATE`, `D_MODIDATE`, `C_SHOW_NAME`, `C_NAME`, `C_MUSTITEM`) VALUES (34011, 'seller_application', 'endDate', 1, '1', NULL, NULL, NULL, NULL, NULL)$$
REPLACE INTO `t_rule_busin_validator` (`ID`, `C_BUSIN_NAME`, `C_VALID_NAME`, `N_PRIORITY`, `C_STATUS`, `D_REGDATE`, `D_MODIDATE`, `C_SHOW_NAME`, `C_NAME`, `C_MUSTITEM`) VALUES (34012, 'seller_application', 'period', 1, '1', NULL, NULL, NULL, NULL, NULL)$$
REPLACE INTO `t_rule_busin_validator` (`ID`, `C_BUSIN_NAME`, `C_VALID_NAME`, `N_PRIORITY`, `C_STATUS`, `D_REGDATE`, `D_MODIDATE`, `C_SHOW_NAME`, `C_NAME`, `C_MUSTITEM`) VALUES (34013, 'seller_application', 'productId', 1, '1', NULL, NULL, NULL, NULL, NULL)$$
REPLACE INTO `t_rule_busin_validator` (`ID`, `C_BUSIN_NAME`, `C_VALID_NAME`, `N_PRIORITY`, `C_STATUS`, `D_REGDATE`, `D_MODIDATE`, `C_SHOW_NAME`, `C_NAME`, `C_MUSTITEM`) VALUES (34014, 'seller_application', 'orders', 1, '1', NULL, NULL, NULL, NULL, NULL)$$
REPLACE INTO `t_rule_busin_validator` (`ID`, `C_BUSIN_NAME`, `C_VALID_NAME`, `N_PRIORITY`, `C_STATUS`, `D_REGDATE`, `D_MODIDATE`, `C_SHOW_NAME`, `C_NAME`, `C_MUSTITEM`) VALUES (34015, 'seller_application', 'periodUnit', 1, '1', NULL, NULL, NULL, NULL, NULL)$$
REPLACE INTO `t_rule_busin_validator` (`ID`, `C_BUSIN_NAME`, `C_VALID_NAME`, `N_PRIORITY`, `C_STATUS`, `D_REGDATE`, `D_MODIDATE`, `C_SHOW_NAME`, `C_NAME`, `C_MUSTITEM`) VALUES (34016, 'seller_application', 'offerId', 1, '1', NULL, NULL, NULL, NULL, NULL)$$
REPLACE INTO `t_rule_busin_validator` (`ID`, `C_BUSIN_NAME`, `C_VALID_NAME`, `N_PRIORITY`, `C_STATUS`, `D_REGDATE`, `D_MODIDATE`, `C_SHOW_NAME`, `C_NAME`, `C_MUSTITEM`) VALUES (34017, 'seller_application', 'requestFrom', 1, '1', NULL, NULL, NULL, NULL, NULL)$$
REPLACE INTO `t_rule_busin_validator` (`ID`, `C_BUSIN_NAME`, `C_VALID_NAME`, `N_PRIORITY`, `C_STATUS`, `D_REGDATE`, `D_MODIDATE`, `C_SHOW_NAME`, `C_NAME`, `C_MUSTITEM`) VALUES (34018, 'seller_confirmLoan', 'requestNo', 5, '1', NULL, NULL, NULL, NULL, NULL)$$
REPLACE INTO `t_rule_busin_validator` (`ID`, `C_BUSIN_NAME`, `C_VALID_NAME`, `N_PRIORITY`, `C_STATUS`, `D_REGDATE`, `D_MODIDATE`, `C_SHOW_NAME`, `C_NAME`, `C_MUSTITEM`) VALUES (34019, 'seller_confirmLoan', 'loanDate', 5, '1', NULL, NULL, NULL, NULL, NULL)$$
REPLACE INTO `t_rule_busin_validator` (`ID`, `C_BUSIN_NAME`, `C_VALID_NAME`, `N_PRIORITY`, `C_STATUS`, `D_REGDATE`, `D_MODIDATE`, `C_SHOW_NAME`, `C_NAME`, `C_MUSTITEM`) VALUES (34020, 'seller_confirmLoan', 'endDate', 5, '1', NULL, NULL, NULL, NULL, NULL)$$
REPLACE INTO `t_rule_busin_validator` (`ID`, `C_BUSIN_NAME`, `C_VALID_NAME`, `N_PRIORITY`, `C_STATUS`, `D_REGDATE`, `D_MODIDATE`, `C_SHOW_NAME`, `C_NAME`, `C_MUSTITEM`) VALUES (34021, 'seller_confirmLoan', 'loanBalance', 5, '1', NULL, NULL, NULL, NULL, NULL)$$
REPLACE INTO `t_rule_busin_validator` (`ID`, `C_BUSIN_NAME`, `C_VALID_NAME`, `N_PRIORITY`, `C_STATUS`, `D_REGDATE`, `D_MODIDATE`, `C_SHOW_NAME`, `C_NAME`, `C_MUSTITEM`) VALUES (34022, 'seller_confirmLoan', 'servicefeeBalance', 5, '1', NULL, NULL, NULL, NULL, NULL)$$
REPLACE INTO `t_rule_busin_validator` (`ID`, `C_BUSIN_NAME`, `C_VALID_NAME`, `N_PRIORITY`, `C_STATUS`, `D_REGDATE`, `D_MODIDATE`, `C_SHOW_NAME`, `C_NAME`, `C_MUSTITEM`) VALUES (34023, 'seller_confirmLoan', 'interestBalance', 5, '1', NULL, NULL, NULL, NULL, NULL)$$
REPLACE INTO `t_rule_busin_validator` (`ID`, `C_BUSIN_NAME`, `C_VALID_NAME`, `N_PRIORITY`, `C_STATUS`, `D_REGDATE`, `D_MODIDATE`, `C_SHOW_NAME`, `C_NAME`, `C_MUSTITEM`) VALUES (34024, 'seller_confirmLoan', 'managementBalance', 5, '1', NULL, NULL, NULL, NULL, NULL)$$
REPLACE INTO `t_rule_busin_validator` (`ID`, `C_BUSIN_NAME`, `C_VALID_NAME`, `N_PRIORITY`, `C_STATUS`, `D_REGDATE`, `D_MODIDATE`, `C_SHOW_NAME`, `C_NAME`, `C_MUSTITEM`) VALUES (34025, 'seller_confirmScheme', 'businStatus', 1, '1', NULL, NULL, NULL, NULL, NULL)$$
REPLACE INTO `t_rule_busin_validator` (`ID`, `C_BUSIN_NAME`, `C_VALID_NAME`, `N_PRIORITY`, `C_STATUS`, `D_REGDATE`, `D_MODIDATE`, `C_SHOW_NAME`, `C_NAME`, `C_MUSTITEM`) VALUES (34026, 'seller_confirmScheme', 'requestNo', 1, '1', NULL, NULL, NULL, NULL, NULL)$$
REPLACE INTO `t_rule_busin_validator` (`ID`, `C_BUSIN_NAME`, `C_VALID_NAME`, `N_PRIORITY`, `C_STATUS`, `D_REGDATE`, `D_MODIDATE`, `C_SHOW_NAME`, `C_NAME`, `C_MUSTITEM`) VALUES (34046, 'seller_confirmScheme', 'smsCode', 1, '1', NULL, NULL, NULL, NULL, NULL)$$
REPLACE INTO `t_rule_busin_validator` (`ID`, `C_BUSIN_NAME`, `C_VALID_NAME`, `N_PRIORITY`, `C_STATUS`, `D_REGDATE`, `D_MODIDATE`, `C_SHOW_NAME`, `C_NAME`, `C_MUSTITEM`) VALUES (34027, 'seller_confirmTradingBackgrand', 'requestNo', 1, '1', NULL, NULL, NULL, NULL, NULL)$$
REPLACE INTO `t_rule_busin_validator` (`ID`, `C_BUSIN_NAME`, `C_VALID_NAME`, `N_PRIORITY`, `C_STATUS`, `D_REGDATE`, `D_MODIDATE`, `C_SHOW_NAME`, `C_NAME`, `C_MUSTITEM`) VALUES (34028, 'seller_confirmTradingBackgrand', 'businStatus', 1, '1', NULL, NULL, NULL, NULL, NULL)$$ 
REPLACE INTO `t_rule_busin_validator` (`ID`, `C_BUSIN_NAME`, `C_VALID_NAME`, `N_PRIORITY`, `C_STATUS`, `D_REGDATE`, `D_MODIDATE`, `C_SHOW_NAME`, `C_NAME`, `C_MUSTITEM`) VALUES (34047, 'seller_confirmTradingBackgrand', 'smsCode', 1, '1', NULL, NULL, NULL, NULL, NULL)$$
REPLACE INTO `t_rule_busin_validator` (`ID`, `C_BUSIN_NAME`, `C_VALID_NAME`, `N_PRIORITY`, `C_STATUS`, `D_REGDATE`, `D_MODIDATE`, `C_SHOW_NAME`, `C_NAME`, `C_MUSTITEM`) VALUES (34029, 'seller_offerScheme', 'requestNo', 1, '1', NULL, NULL, NULL, NULL, NULL)$$
REPLACE INTO `t_rule_busin_validator` (`ID`, `C_BUSIN_NAME`, `C_VALID_NAME`, `N_PRIORITY`, `C_STATUS`, `D_REGDATE`, `D_MODIDATE`, `C_SHOW_NAME`, `C_NAME`, `C_MUSTITEM`) VALUES (34030, 'seller_offerScheme', 'requestBalance', 1, '1', NULL, NULL, NULL, NULL, NULL)$$
REPLACE INTO `t_rule_busin_validator` (`ID`, `C_BUSIN_NAME`, `C_VALID_NAME`, `N_PRIORITY`, `C_STATUS`, `D_REGDATE`, `D_MODIDATE`, `C_SHOW_NAME`, `C_NAME`, `C_MUSTITEM`) VALUES (34031, 'seller_offerScheme', 'approvedBalance', 1, '1', NULL, NULL, NULL, NULL, NULL)$$
REPLACE INTO `t_rule_busin_validator` (`ID`, `C_BUSIN_NAME`, `C_VALID_NAME`, `N_PRIORITY`, `C_STATUS`, `D_REGDATE`, `D_MODIDATE`, `C_SHOW_NAME`, `C_NAME`, `C_MUSTITEM`) VALUES (34032, 'seller_offerScheme', 'approvedRatio', 1, '1', NULL, NULL, NULL, NULL, NULL)$$
REPLACE INTO `t_rule_busin_validator` (`ID`, `C_BUSIN_NAME`, `C_VALID_NAME`, `N_PRIORITY`, `C_STATUS`, `D_REGDATE`, `D_MODIDATE`, `C_SHOW_NAME`, `C_NAME`, `C_MUSTITEM`) VALUES (34033, 'seller_offerScheme', 'approvedManagementRatio', 1, '1', NULL, NULL, NULL, NULL, NULL)$$
REPLACE INTO `t_rule_busin_validator` (`ID`, `C_BUSIN_NAME`, `C_VALID_NAME`, `N_PRIORITY`, `C_STATUS`, `D_REGDATE`, `D_MODIDATE`, `C_SHOW_NAME`, `C_NAME`, `C_MUSTITEM`) VALUES (34034, 'seller_offerScheme', 'servicefeeRatio', 1, '1', NULL, NULL, NULL, NULL, NULL)$$
REPLACE INTO `t_rule_busin_validator` (`ID`, `C_BUSIN_NAME`, `C_VALID_NAME`, `N_PRIORITY`, `C_STATUS`, `D_REGDATE`, `D_MODIDATE`, `C_SHOW_NAME`, `C_NAME`, `C_MUSTITEM`) VALUES (34035, 'seller_offerScheme', 'periodUnit', 1, '1', NULL, NULL, NULL, NULL, NULL)$$
REPLACE INTO `t_rule_busin_validator` (`ID`, `C_BUSIN_NAME`, `C_VALID_NAME`, `N_PRIORITY`, `C_STATUS`, `D_REGDATE`, `D_MODIDATE`, `C_SHOW_NAME`, `C_NAME`, `C_MUSTITEM`) VALUES (34036, 'seller_offerScheme', 'period', 1, '1', NULL, NULL, NULL, NULL, NULL)$$
REPLACE INTO `t_rule_busin_validator` (`ID`, `C_BUSIN_NAME`, `C_VALID_NAME`, `N_PRIORITY`, `C_STATUS`, `D_REGDATE`, `D_MODIDATE`, `C_SHOW_NAME`, `C_NAME`, `C_MUSTITEM`) VALUES (34037, 'seller_offerScheme', 'creditMode', 1, '1', NULL, NULL, NULL, NULL, NULL)$$
REPLACE INTO `t_rule_busin_validator` (`ID`, `C_BUSIN_NAME`, `C_VALID_NAME`, `N_PRIORITY`, `C_STATUS`, `D_REGDATE`, `D_MODIDATE`, `C_SHOW_NAME`, `C_NAME`, `C_MUSTITEM`) VALUES (34038, 'seller_offerScheme', 'custAduit', 1, '1', NULL, NULL, NULL, NULL, NULL)$$
REPLACE INTO `t_rule_busin_validator` (`ID`, `C_BUSIN_NAME`, `C_VALID_NAME`, `N_PRIORITY`, `C_STATUS`, `D_REGDATE`, `D_MODIDATE`, `C_SHOW_NAME`, `C_NAME`, `C_MUSTITEM`) VALUES (34039, 'seller_offerScheme', 'coreCustAduit', 1, '1', NULL, NULL, NULL, NULL, NULL)$$
REPLACE INTO `t_rule_busin_validator` (`ID`, `C_BUSIN_NAME`, `C_VALID_NAME`, `N_PRIORITY`, `C_STATUS`, `D_REGDATE`, `D_MODIDATE`, `C_SHOW_NAME`, `C_NAME`, `C_MUSTITEM`) VALUES (34040, 'seller_offerScheme', 'approvedPeriod', 1, '1', NULL, NULL, NULL, NULL, NULL)$$
REPLACE INTO `t_rule_busin_validator` (`ID`, `C_BUSIN_NAME`, `C_VALID_NAME`, `N_PRIORITY`, `C_STATUS`, `D_REGDATE`, `D_MODIDATE`, `C_SHOW_NAME`, `C_NAME`, `C_MUSTITEM`) VALUES (34041, 'seller_offerScheme', 'description', 1, '1', NULL, NULL, NULL, NULL, NULL)$$
REPLACE INTO `t_rule_busin_validator` (`ID`, `C_BUSIN_NAME`, `C_VALID_NAME`, `N_PRIORITY`, `C_STATUS`, `D_REGDATE`, `D_MODIDATE`, `C_SHOW_NAME`, `C_NAME`, `C_MUSTITEM`) VALUES (34042, 'seller_offerScheme', 'approvalResult', 1, '1', NULL, NULL, NULL, NULL, NULL)$$
REPLACE INTO `t_rule_busin_validator` (`ID`, `C_BUSIN_NAME`, `C_VALID_NAME`, `N_PRIORITY`, `C_STATUS`, `D_REGDATE`, `D_MODIDATE`, `C_SHOW_NAME`, `C_NAME`, `C_MUSTITEM`) VALUES (34043, 'seller_offerScheme', 'returnNode', 1, '1', NULL, NULL, NULL, NULL, NULL)$$
REPLACE INTO `t_rule_busin_validator` (`ID`, `C_BUSIN_NAME`, `C_VALID_NAME`, `N_PRIORITY`, `C_STATUS`, `D_REGDATE`, `D_MODIDATE`, `C_SHOW_NAME`, `C_NAME`, `C_MUSTITEM`) VALUES (34044, 'seller_offerScheme', 'approvedPeriodUnit', 1, '1', NULL, NULL, NULL, NULL, NULL)$$
REPLACE INTO `t_rule_busin_validator` (`ID`, `C_BUSIN_NAME`, `C_VALID_NAME`, `N_PRIORITY`, `C_STATUS`, `D_REGDATE`, `D_MODIDATE`, `C_SHOW_NAME`, `C_NAME`, `C_MUSTITEM`) VALUES (34045, 'seller_requestTradingBackgrand', 'requestNo', 1, '1', NULL, NULL, NULL, NULL, NULL)$$
REPLACE INTO `t_rule_busin_validator` (`ID`, `C_BUSIN_NAME`, `C_VALID_NAME`, `N_PRIORITY`, `C_STATUS`, `D_REGDATE`, `D_MODIDATE`, `C_SHOW_NAME`, `C_NAME`, `C_MUSTITEM`) VALUES (34048, 'seller_endFlow', 'requestNo', 1, '1', NULL, NULL, NULL, NULL, NULL)$$



#字典----------
REPLACE INTO `t_cfg_dict` (`ID`, `C_SYS`, `C_NAME`, `C_GROUP`, `C_MODIFY`, `D_MODIDATE`, `C_SCRIPT`, `C_CODE`) 
	VALUES (30010, '2', '融资状态', '2', '0', '20161227', '0', 'RequestLastStatus')$$
REPLACE INTO `t_cfg_dictitem` (`ID`, `L_ITEMNO`, `C_VALUE`, `C_NAME`, `C_STATUS`, `C_DEFAULT`, `C_OUT`) 
	VALUES (30052, 30010, '0', '终止', '1', '0', '0')$$
REPLACE INTO `t_cfg_dictitem` (`ID`, `L_ITEMNO`, `C_VALUE`, `C_NAME`, `C_STATUS`, `C_DEFAULT`, `C_OUT`) 
	VALUES (30053, 30010, '1', '申请中', '1', '0', '0')$$
REPLACE INTO `t_cfg_dictitem` (`ID`, `L_ITEMNO`, `C_VALUE`, `C_NAME`, `C_STATUS`, `C_DEFAULT`, `C_OUT`) 
	VALUES (30054, 30010, '2', '审批中', '1', '0', '0')$$
REPLACE INTO `t_cfg_dictitem` (`ID`, `L_ITEMNO`, `C_VALUE`, `C_NAME`, `C_STATUS`, `C_DEFAULT`, `C_OUT`) 
	VALUES (30055, 30010, '3', '放款中', '1', '0', '0')$$
REPLACE INTO `t_cfg_dictitem` (`ID`, `L_ITEMNO`, `C_VALUE`, `C_NAME`, `C_STATUS`, `C_DEFAULT`, `C_OUT`) 
	VALUES (30056, 30010, '4', '还款中', '1', '0', '0')$$
REPLACE INTO `t_cfg_dictitem` (`ID`, `L_ITEMNO`, `C_VALUE`, `C_NAME`, `C_STATUS`, `C_DEFAULT`, `C_OUT`) 
	VALUES (30057, 30010, '5', '逾期', '1', '0', '0')$$
REPLACE INTO `t_cfg_dictitem` (`ID`, `L_ITEMNO`, `C_VALUE`, `C_NAME`, `C_STATUS`, `C_DEFAULT`, `C_OUT`) 
	VALUES (30058, 30010, '6', '展期', '1', '0', '0')$$
REPLACE INTO `t_cfg_dictitem` (`ID`, `L_ITEMNO`, `C_VALUE`, `C_NAME`, `C_STATUS`, `C_DEFAULT`, `C_OUT`) 
	VALUES (30059, 30010, '7', '坏帐', '1', '0', '0')$$
REPLACE INTO `t_cfg_dictitem` (`ID`, `L_ITEMNO`, `C_VALUE`, `C_NAME`, `C_STATUS`, `C_DEFAULT`, `C_OUT`) 
	VALUES (30060, 30010, '8', '结清', '1', '0', '0')$$
	
	
#菜单-------------
REPLACE INTO `t_cfg_menu` (`id`, `c_sys`, `c_name`, `c_title`, `c_url`, `c_target`, `n_parent_id`, `n_order`, `c_description`, `c_status`, `d_regdate`, `d_modidate`, `c_openmode`, `c_endnode`, `C_RULE_LIST`) VALUES (3333, NULL, '融资录单_N', '融资录单_N', '../../scf2/views/supplier/apply/financeRecFlow.html#supplier', NULL, 216, 2, '', '1', '20160830', '20160830', NULL, '1', 'SUPPLIER_USER')$$
REPLACE INTO `t_cfg_menu` (`id`, `c_sys`, `c_name`, `c_title`, `c_url`, `c_target`, `n_parent_id`, `n_order`, `c_description`, `c_status`, `d_regdate`, `d_modidate`, `c_openmode`, `c_endnode`, `C_RULE_LIST`) VALUES (3334, NULL, '融资录单_N', '融资录单_N', '../../scf2/views/seller/apply/financeRecFlow.html#seller', NULL, 216, 2, '', '1', '20160830', '20160830', NULL, '1', 'SELLER_USER')$$
REPLACE INTO `t_cfg_menu` (`id`, `c_sys`, `c_name`, `c_title`, `c_url`, `c_target`, `n_parent_id`, `n_order`, `c_description`, `c_status`, `d_regdate`, `d_modidate`, `c_openmode`, `c_endnode`, `C_RULE_LIST`) VALUES (3335, NULL, '放款管理', '放款管理', '../../scf2/views/sfccom/loansManage/loansConfirm.html', NULL, 233, 2, '', '1', '20160830', '20160830', NULL, '1', 'FACTOR_USER')$$
REPLACE INTO `t_cfg_menu` (`id`, `c_sys`, `c_name`, `c_title`, `c_url`, `c_target`, `n_parent_id`, `n_order`, `c_description`, `c_status`, `d_regdate`, `d_modidate`, `c_openmode`, `c_endnode`, `C_RULE_LIST`) VALUES (3336, NULL, '待批融资_N', '待批融资_N', '../../scf2/views/supplier/financeSearch/pendFinance.html', NULL, 219, 1, '', '1', '20160830', '20160830', NULL, '1', 'SUPPLIER_USER,SELLER_USER')$$
REPLACE INTO `t_cfg_menu` (`id`, `c_sys`, `c_name`, `c_title`, `c_url`, `c_target`, `n_parent_id`, `n_order`, `c_description`, `c_status`, `d_regdate`, `d_modidate`, `c_openmode`, `c_endnode`, `C_RULE_LIST`) VALUES (3337, NULL, '还款融资_N', '还款融资_N', '../../scf2/views/supplier/financeSearch/repayFinance.html', NULL, 219, 1, '', '1', '20160830', '20160830', NULL, '1', 'SUPPLIER_USER,SELLER_USER')$$
REPLACE INTO `t_cfg_menu` (`id`, `c_sys`, `c_name`, `c_title`, `c_url`, `c_target`, `n_parent_id`, `n_order`, `c_description`, `c_status`, `d_regdate`, `d_modidate`, `c_openmode`, `c_endnode`, `C_RULE_LIST`) VALUES (3338, NULL, '历史融资_N', '历史融资_N', '../../scf2/views/supplier/financeSearch/historyFinance.html', NULL, 219, 3, '', '1', '20160830', '20160830', NULL, '1', 'SUPPLIER_USER,SELLER_USER')$$
REPLACE INTO `t_cfg_menu` (`id`, `c_sys`, `c_name`, `c_title`, `c_url`, `c_target`, `n_parent_id`, `n_order`, `c_description`, `c_status`, `d_regdate`, `d_modidate`, `c_openmode`, `c_endnode`, `C_RULE_LIST`) VALUES (3339, NULL, '供应商融资列表_N', '供应商融资列表_N', '../../scf2/views/sfccom/financeSearch/financeSearch.html#supplier', NULL, 236, 3, '', '1', '20160830', '20160830', NULL, '1', 'FACTOR_USER')$$
REPLACE INTO `t_cfg_menu` (`id`, `c_sys`, `c_name`, `c_title`, `c_url`, `c_target`, `n_parent_id`, `n_order`, `c_description`, `c_status`, `d_regdate`, `d_modidate`, `c_openmode`, `c_endnode`, `C_RULE_LIST`) VALUES (3340, NULL, '经销商融资列表_N', '经销商融资列表_N', '../../scf2/views/sfccom/financeSearch/financeSearch.html#agency', NULL, 236, 3, '', '1', '20160830', '20160830', NULL, '1', 'FACTOR_USER')$$
REPLACE INTO `t_cfg_menu` (`id`, `c_sys`, `c_name`, `c_title`, `c_url`, `c_target`, `n_parent_id`, `n_order`, `c_description`, `c_status`, `d_regdate`, `d_modidate`, `c_openmode`, `c_endnode`, `C_RULE_LIST`) VALUES (3341, NULL, '供应商融资_N', '供应商融资_N', '../../scf2/views/core/financeSearch/financeSearch.html#supplier', NULL, 260, 1, '', '1', '20160830', '20160830', NULL, '1', 'CORE_USER')$$
REPLACE INTO `t_cfg_menu` (`id`, `c_sys`, `c_name`, `c_title`, `c_url`, `c_target`, `n_parent_id`, `n_order`, `c_description`, `c_status`, `d_regdate`, `d_modidate`, `c_openmode`, `c_endnode`, `C_RULE_LIST`) VALUES (3342, NULL, '经销商融资_N', '经销商融资_N', '../../scf2/views/core/financeSearch/financeSearch.html#agency', NULL, 260, 2, '', '1', '20160830', '20160830', NULL, '1', 'CORE_USER')$$


delete from t_rule_validator where C_VALID_NAME = 'blk-custType'$$
REPLACE INTO `t_rule_validator` (`C_SYS`, `C_VALID_NAME`, `C_SHOW_NAME`, `C_NAME`, `C_MUSTITEM`, `C_DATA_TYPE`, `N_DATA_LEN`, `N_DATA_SCALE`, `F_MIN`, `D_REGDATE`, `C_DESCRIPTION`) 
VALUES ('SCF', 'blk-custType', '客户类型1', 'custType', '0', 'C', 0, 0, 0, '20160718', '客户类型1')$$

DELETE from `t_rule_validator`  where C_VALID_NAME in ('GTErequestDate','LTErequestDate','GTEactualDate', 'LTEactualDate','lastStatus')$$
REPLACE INTO `t_rule_validator` (`C_SYS`, `C_VALID_NAME`, `C_SHOW_NAME`, `C_NAME`, `C_MUSTITEM`, `C_DATA_TYPE`, `N_DATA_LEN`, `N_DATA_SCALE`, `F_MAX`, `F_MIN`, `C_VALIDATOR`, `C_PATTERN`, `D_REGDATE`, `D_MODIDATE`, `C_DESCRIPTION`, `C_BUSIN_FIELD`, `C_DEPENDS`, `C_MESSAGE`, `C_REF_VALUE`) VALUES ('SCF', 'GTEactualDate', '交易日期', 'GTEactualDate', '0', 'C', 8, 0, 8, 0, NULL, 'yyyyMMdd', '20160721', '20160721', '企业类型', NULL, NULL, NULL, NULL)$$
REPLACE INTO `t_rule_validator` (`C_SYS`, `C_VALID_NAME`, `C_SHOW_NAME`, `C_NAME`, `C_MUSTITEM`, `C_DATA_TYPE`, `N_DATA_LEN`, `N_DATA_SCALE`, `F_MAX`, `F_MIN`, `C_VALIDATOR`, `C_PATTERN`, `D_REGDATE`, `D_MODIDATE`, `C_DESCRIPTION`, `C_BUSIN_FIELD`, `C_DEPENDS`, `C_MESSAGE`, `C_REF_VALUE`) VALUES ('SCF', 'GTErequestDate', '实际申请日期', 'GTErequestDate', '0', 'C', 20, 0, NULL, NULL, NULL, 'yyyyMMdd', '20160809', NULL, NULL, NULL, NULL, NULL, NULL)$$
REPLACE INTO `t_rule_validator` (`C_SYS`, `C_VALID_NAME`, `C_SHOW_NAME`, `C_NAME`, `C_MUSTITEM`, `C_DATA_TYPE`, `N_DATA_LEN`, `N_DATA_SCALE`, `F_MAX`, `F_MIN`, `C_VALIDATOR`, `C_PATTERN`, `D_REGDATE`, `D_MODIDATE`, `C_DESCRIPTION`, `C_BUSIN_FIELD`, `C_DEPENDS`, `C_MESSAGE`, `C_REF_VALUE`) VALUES ('SCF', 'lastStatus', '状态', 'lastStatus', '0', 'C', 18, 0, 18, 0, NULL, NULL, '20160719', '20160719', 'lastStatus', NULL, NULL, NULL, NULL)$$
REPLACE INTO `t_rule_validator` (`C_SYS`, `C_VALID_NAME`, `C_SHOW_NAME`, `C_NAME`, `C_MUSTITEM`, `C_DATA_TYPE`, `N_DATA_LEN`, `N_DATA_SCALE`, `F_MAX`, `F_MIN`, `C_VALIDATOR`, `C_PATTERN`, `D_REGDATE`, `D_MODIDATE`, `C_DESCRIPTION`, `C_BUSIN_FIELD`, `C_DEPENDS`, `C_MESSAGE`, `C_REF_VALUE`) VALUES ('SCF', 'LTEactualDate', '企业类型', 'LTEactualDate', '0', 'C', 8, 0, 8, 0, NULL, 'yyyyMMdd', '20160721', '20160721', '企业类型', NULL, NULL, NULL, NULL)$$
REPLACE INTO `t_rule_validator` (`C_SYS`, `C_VALID_NAME`, `C_SHOW_NAME`, `C_NAME`, `C_MUSTITEM`, `C_DATA_TYPE`, `N_DATA_LEN`, `N_DATA_SCALE`, `F_MAX`, `F_MIN`, `C_VALIDATOR`, `C_PATTERN`, `D_REGDATE`, `D_MODIDATE`, `C_DESCRIPTION`, `C_BUSIN_FIELD`, `C_DEPENDS`, `C_MESSAGE`, `C_REF_VALUE`) VALUES ('SCF', 'LTErequestDate', '实际申请日期', 'LTErequestDate', '0', 'C', 20, 0, 8, 0, NULL, 'yyyyMMdd', '20160809', NULL, NULL, NULL, NULL, NULL, NULL)$$
