REPLACE INTO `t_cust_major` (`L_CUSTNO`, `C_CUSTNAME`, `C_CUSTCORP`, `C_CUSTTYPE`, `C_BUSIN_MODE`, `L_REG_OPERID`, `C_REG_OPERNAME`, `D_REG_DATE`, `T_REG_TIME`, `L_MODI_OPERID`, `C_MODI_OPERNAME`, `D_MODI_DATE`, `T_MODI_TIME`, `C_OPERORG`, `C_BUSIN_STATUS`) VALUES (100000000000001, '广西建工集团有限责任公司', 'JGJSZX', '2', '0', 1000676, '杨红', '20170324', '102600', NULL, NULL, NULL, NULL, '广西建工集团有限责任公司', '1')$$
REPLACE INTO `t_custinfo` (`L_CUSTNO`, `N_VERSION`, `C_CUSTTYPE`, `C_CUSTNAME`, `C_SHORTNAME`, `C_NICKNAME`, `C_NATIONAL`, `C_REGADDR`, `C_USER_TYPE`, `C_IDENTTYPE`, `C_IDENTNO`, `D_VAILDDATE`, `C_IDENTVALID`, `C_ADUIT_LEVELS`, `N_BATCHNO`, `L_REG_OPERID`, `C_REG_OPERNAME`, `D_REG_DATE`, `T_REG_TIME`, `L_MODI_OPERID`, `C_MODI_OPERNAME`, `D_MODI_DATE`, `T_MODI_TIME`, `C_OPERORG`, `C_BUSIN_STATUS`, `C_LAST_STATUS`) VALUES (100000000000001, 0, '0', '广西建工集团有限责任公司', NULL, NULL, NULL, NULL, NULL, '1', '91450000198228982J ', '20991231', '1', NULL, NULL, 1002800, '结算中心经办员', '20170324', '102600', NULL, NULL, NULL, NULL, '广西建工集团有限责任公司', '0', '0')$$
REPLACE INTO `t_cust_open_account_tmp` (`ID`, `L_PARENTID`, `L_CUSTNO`, `C_CUSTNAME`, `C_IDENTNO`, `C_IDENTTYPE`, `D_VALIDDATE`, `C_BUSIN_LICENCE`, `D_BUSIN_LICENCE_REGDATE`, `D_BUSIN_LICENCE_VALIDDATE`, `C_ADDRESS`, `C_ZIPCODE`, `C_PHONE`, `C_FAX`, `C_EMAIL`, `C_BANK_ACCO`, `C_BANK_ACCONAME`, `C_BANK_NO`, `C_BANK_CITYNO`, `C_BANK_NAME`, `C_OPERNAME`, `C_OPER_IDENTTYPE`, `C_OPER_OTHER_IDENTTYPE`, `C_OPER_IDENTNO`, `D_OPER_VALIDDATE`, `C_OPER_MOBILE`, `C_OPER_EMAIL`, `C_OPER_PHONE`, `C_OPER_FAX_NO`, `C_LAW_NAME`, `C_LAW_IDENTTYPE`, `C_LAW_OTHER_IDENTTYPE`, `C_LAW_IDENTNO`, `D_LAW_VALIDDATE`, `N_BATCHNO`, `L_REG_OPERID`, `C_REG_OPERNAME`, `D_REG_DATE`, `T_REG_TIME`, `L_MODI_OPERID`, `C_MODI_OPERNAME`, `D_MODI_DATE`, `T_MODI_TIME`, `C_BUSIN_STATUS`, `C_LAST_STATUS`, `C_OPERORG`, `C_TMP_TYPE`, `C_TMP_OPER_TYPE`, `C_ORG_CODE`, `D_APPLY_DATE`, `T_APPLY_TIME`, `D_AUDIT_DATE`, `T_AUDIT_TIME`, `C_CORELIST`, `C_TAX_NO`, `C_OPEN_LICENSE`, `C_WECHAT_OPENID`, `C_DEAL_PASSWORD`, `C_ROLE`, `C_DATA_SOURCE`, `D_ACTIVE_DATE`, `T_ACTIVE_TIME`) VALUES (100000000000001, NULL, 100000000000001, '广西建工集团有限责任公司', '91440300758613572G', '1', '20991231', '91450000198228982J ', '20151104', '20330803', '广西省', '888888', '0771-88888888', '0755-33000702', NULL, '8888888888888888', '广西建工集团有限责任公司', '8000', '440300', '兴业银行股份有限公司深圳高新区支行', '结算中心经办员', '1', NULL, '362329198801090333', '20200723', '18665997997', 'financie@gxjgjt.com', '0771-88888888', '0771-99999999', '20170324', '1', NULL, '440301196103218888', '20250110', NULL, 1002800, '结算中心经办员', '20170324', '102600', NULL, NULL, '', '', '2', '2', '广西建工集团有限责任公司', '2', NULL, '91440300758613572G', '20170324', '102600', '20170324', '102600', NULL, '91440300758613572G', 'J5840012876304', NULL, NULL, NULL, '0', '20170324', '102600')$$
REPLACE INTO `t_temp_cust_enroll` (`ID`, `C_CUSTTYPE`, `C_CUSTNAME`, `C_IDENTTYPE`, `C_IDENTNO`, `C_SHORTNAME`, `C_NICKNAME`, `C_BANKACCO`, `C_BANKACCONAME`, `C_BANKNAME`, `L_CUSTNO`, `C_CONTACT`, `C_CONTYPE`, `C_CONTNO`, `C_CONTPHONE`, `C_CONTMOBILE`, `C_CONTEMAIL`, `C_STATUS`, `C_DESCRIPTION`, `D_REGDATE`, `D_MODIDATE`, `C_OPERORG`, `L_CORE_CUSTNO`, `C_BTNO`, `N_BATCHNO`, `C_PREMISES_ADDRESS`) VALUES (100000000000001, '0', '广西建工集团有限责任公司', '1', '91450000198228982J ', NULL, NULL, '8888888888888888', '广西建工集团有限责任公司', '兴业银行股份有限公司深圳高新区支行', 100000000000001, '结算中心经办员', NULL, NULL, NULL, '18665997997', 'financie@gxjgjt.com', '0', '', '20170324', NULL, '广西建工集团有限责任公司', 0, NULL, 0, '广西省')$$
REPLACE INTO `t_cust_contact` (`L_CUSTNO`, `C_ZIPCODE`, `C_CITYNO`, `C_ADDRESS`, `C_PHONE`, `C_FAXNO`, `C_MOBILENO`, `C_EMAIL`, `C_WEIXIN`, `C_QQ`, `C_WEBADDR`, `D_MODIDATE`, `C_HOME_PHONE`, `C_OFFICE_PHONE`, `C_CORPNAME`, `C_COUNTY`) VALUES (100000000000001, '888888', '440300', '广西省', '0771-88888888', '0771-99999999', '', '', NULL, NULL, NULL, '20170324 102600', NULL, '0771-88888888', '广西建工集团有限责任公司', NULL)$$
REPLACE INTO `t_cust_mech_bankacco` (`ID`, `N_VERSION`, `C_IS_DEFAULT`, `C_TRADE_ACCO`, `C_BANK_NO`, `C_BANK_NAME`, `C_BANK_ACCO`, `C_BANK_ACCONAME`, `C_BANK_BRANCH`, `C_NET_NO`, `C_PAY_CENTER`, `D_END_FROZEN_DATE`, `C_CONTRACT_NO`, `C_AUTH_STATUS`, `C_SIGN_STATUS`, `C_IDENTTYPE`, `C_IDENTNO`, `C_FLAG`, `C_BAKUP_ACCO`, `C_COUNTY_NAME`, `C_CITY_NAME`, `C_CITYNO`, `L_REG_OPERID`, `C_REG_OPERNAME`, `D_REG_DATE`, `T_REG_TIME`, `L_MODI_OPERID`, `C_MODI_OPERNAME`, `D_MODI_DATE`, `T_MODI_TIME`, `C_OPERORG`, `C_ACCO_STATUS`, `C_BUSIN_STATUS`, `C_LAST_STATUS`, `L_CUSTNO`, `N_BATCHNO`, `C_OPEN_LICENSE`) VALUES (100000000000001, 0, '1', '', '8000', '兴业银行股份有限公司深圳高新区支行', '8888888888888888', '广西建工集团有限责任公司', '', '', '', NULL, NULL, '0', '0', NULL, NULL, '', '', '', '', '440300', 1002800, '结算中心经办员', '20170324', '102600', 1002800, '结算中心经办员', '20170324', '102600', '广西建工集团有限责任公司', '0', '0', NULL, 100000000000001, NULL, 'J5840012876304')$$
REPLACE INTO `t_cust_mech_base` (`L_CUSTNO`, `C_CUSTNAME`, `N_VERSION`, `C_ENG_NAME`, `C_CATEGORY`, `C_CORP_TYPE`, `C_NATION_TYPE`, `C_CAPITAL_TYPE`, `C_LAW_NAME`, `C_LAW_PHONE`, `C_LAW_IDENTNO`, `C_LAW_IDENTTYPE`, `D_LAW_VALIDDATE`, `C_REG_ADDRESS`, `C_CORP_VOCATION`, `C_CORP_PROPERTY`, `C_INVEST`, `C_INST_TYPE`, `C_CUST_CLASS`, `C_ORG_CODE`, `C_BUSIN_LICENCE`, `D_BUSIN_LICENCE_REGDATE`, `D_BUSIN_LICENCE_VALIDDATE`, `C_REG_CAPITAL`, `C_PAID_CAPITAL`, `N_PERSON`, `C_PREMISES_AREA`, `C_PREMISES_YEAR`, `C_PREMISES_TYPE`, `C_PREMISES_ADDRESS`, `C_BUSIN_SCOPE`, `D_SETUP_DATE`, `C_ADDRESS`, `C_ZIPCODE`, `C_PHONE`, `C_FAX`, `C_MOBILE`, `C_EMAIL`, `C_WECHAT`, `C_QQ`, `C_WEBADDR`, `C_CORPNAME`, `C_CITYNO`, `N_BATCHNO`, `L_REG_OPERID`, `C_REG_OPERNAME`, `D_REG_DATE`, `T_REG_TIME`, `L_MODI_OPERID`, `C_MODI_OPERNAME`, `D_MODI_DATE`, `T_MODI_TIME`, `C_OPERORG`, `C_BUSIN_STATUS`, `C_LAST_STATUS`) VALUES (100000000000001, '广西建工集团有限责任公司', 0, NULL, NULL, '0', NULL, NULL, '20170324', NULL, '440301196103218888', '0', '20991231', '广西省', NULL, '1', NULL, NULL, NULL, '91450000198228982J ', '91450000198228982J ', '20991231', '20991231', '0', '0', NULL, '0', '0', '0', '广西省', '', '20040415', '广西省', '888888', '0771-88888888', '0771-99999999', NULL, '', NULL, NULL, NULL, NULL, NULL, 0, 1002800, '结算中心经办员', '20170324', '102600', 1002800, '结算中心经办员', '20170324', '102600', '广西建工集团有限责任公司', NULL, NULL)$$
REPLACE INTO `t_cust_mech_busin_licence` (`ID`, `N_VERSION`, `C_UNIFIED_CODE`, `C_REG_NO`, `C_ORG_CODE`, `C_TAX_NO`, `C_CORP_TYPE`, `C_ADDRESS`, `C_LAW_NAME`, `F_REG_CAPITAL`, `F_PAID_CAPITAL`, `D_SETUP_DATE`, `D_START_DATE`, `D_END_DATE`, `C_REG_BRANCH`, `D_CERTIFIED_DATE`, `C_BUSIN_SCOPE`, `N_BATCHNO`, `L_REG_OPERID`, `C_REG_OPERNAME`, `D_REG_DATE`, `T_REG_TIME`, `L_MODI_OPERID`, `C_MODI_OPERNAME`, `D_MODI_DATE`, `T_MODI_TIME`, `C_OPERORG`, `C_BUSIN_STATUS`, `C_LAST_STATUS`, `L_CUSTNO`, `C_CUSTNAME`) VALUES (100000000000001, NULL, '91450000198228982J ', '91450000198228982J ', '91450000198228982J ', '', '2', '广西省', '20170324', NULL, NULL, '20991231', '20991231', '20991231', '深圳市市场监督管理局', '20151104', NULL, NULL, 1002800, '结算中心经办员', '20170324', '102600', 1002800, '结算中心经办员', '20170324', '102600', '广西建工集团有限责任公司', '0', '0', 100000000000001, '广西建工集团有限责任公司')$$
REPLACE INTO `t_cust_mech_contacter` (`ID`, `N_VERSION`, `C_NAME`, `C_SEX`, `C_MOBILE`, `C_PHONE`, `C_EMAIL`, `C_ADDRESS`, `L_CUSTNO`, `L_REG_OPERID`, `C_REG_OPERNAME`, `D_REG_DATE`, `T_REG_TIME`, `L_MODI_OPERID`, `C_MODI_OPERNAME`, `D_MODI_DATE`, `T_MODI_TIME`, `C_OPERORG`, `C_BUSIN_STATUS`, `C_LAST_STATUS`, `N_BATCHNO`) VALUES (100000000000001, NULL, '结算中心经办员', '1', '18697958888', '0771-88888888', 'financie@gxjgjt.com', '广西省', 100000000000001, 1002800, '结算中心经办员', '20170324', '102600', 1002800, '结算中心经办员', '20170324', '102600', '广西建工集团有限责任公司', '0', NULL, 0)$$
REPLACE INTO `t_cust_mech_law` (`ID`, `N_VERSION`, `C_NAME`, `C_IDENTTYPE`, `C_IDENTNO`, `D_VALIDDATE`, `C_SEX`, `D_BIRTHDATE`, `C_PHONE`, `C_EDU_LEVEL`, `C_MARTIAL_STATUS`, `C_NATIVE_PLACE`, `C_ADDRESS`, `N_BATCHNO`, `L_REG_OPERID`, `C_REG_OPERNAME`, `D_REG_DATE`, `T_REG_TIME`, `L_MODI_OPERID`, `C_MODI_OPERNAME`, `D_MODI_DATE`, `T_MODI_TIME`, `C_OPERORG`, `C_BUSIN_STATUS`, `C_LAST_STATUS`, `L_CUSTNO`, `C_CUSTNAME`) VALUES (100000000000001, 0, '法人', '1', '440301196103218888', '20991231', '1', '19881231', NULL, NULL, NULL, NULL, NULL, NULL, 1002800, '结算中心经办员', '20170324', '102600', 1002800, '结算中心经办员', '20170324', '102600', '广西建工集团有限责任公司', '0', NULL, 100000000000001, '广西建工集团有限责任公司')$$

REPLACE INTO `t_cust_major` (`L_CUSTNO`, `C_CUSTNAME`, `C_CUSTCORP`, `C_CUSTTYPE`, `C_BUSIN_MODE`, `L_REG_OPERID`, `C_REG_OPERNAME`, `D_REG_DATE`, `T_REG_TIME`, `L_MODI_OPERID`, `C_MODI_OPERNAME`, `D_MODI_DATE`, `T_MODI_TIME`, `C_OPERORG`, `C_BUSIN_STATUS`) VALUES (100000000000002, '广西建工集团第一建筑工程有限责任公司', 'GXJG1J', '2', '0', 1000676, '杨红', '20170324', '102600', NULL, NULL, NULL, NULL, '广西建工集团有限责任公司', '1')$$
REPLACE INTO `t_custinfo` (`L_CUSTNO`, `N_VERSION`, `C_CUSTTYPE`, `C_CUSTNAME`, `C_SHORTNAME`, `C_NICKNAME`, `C_NATIONAL`, `C_REGADDR`, `C_USER_TYPE`, `C_IDENTTYPE`, `C_IDENTNO`, `D_VAILDDATE`, `C_IDENTVALID`, `C_ADUIT_LEVELS`, `N_BATCHNO`, `L_REG_OPERID`, `C_REG_OPERNAME`, `D_REG_DATE`, `T_REG_TIME`, `L_MODI_OPERID`, `C_MODI_OPERNAME`, `D_MODI_DATE`, `T_MODI_TIME`, `C_OPERORG`, `C_BUSIN_STATUS`, `C_LAST_STATUS`) VALUES (100000000000002, 0, '0', '广西建工集团第一建筑工程有限责任公司', NULL, NULL, NULL, NULL, NULL, '1', '91450000198228982J ', '20991231', '1', NULL, NULL, 1002801, '建工一建经办员', '20170324', '102600', NULL, NULL, NULL, NULL, '广西建工集团有限责任公司', '0', '0')$$
REPLACE INTO `t_cust_open_account_tmp` (`ID`, `L_PARENTID`, `L_CUSTNO`, `C_CUSTNAME`, `C_IDENTNO`, `C_IDENTTYPE`, `D_VALIDDATE`, `C_BUSIN_LICENCE`, `D_BUSIN_LICENCE_REGDATE`, `D_BUSIN_LICENCE_VALIDDATE`, `C_ADDRESS`, `C_ZIPCODE`, `C_PHONE`, `C_FAX`, `C_EMAIL`, `C_BANK_ACCO`, `C_BANK_ACCONAME`, `C_BANK_NO`, `C_BANK_CITYNO`, `C_BANK_NAME`, `C_OPERNAME`, `C_OPER_IDENTTYPE`, `C_OPER_OTHER_IDENTTYPE`, `C_OPER_IDENTNO`, `D_OPER_VALIDDATE`, `C_OPER_MOBILE`, `C_OPER_EMAIL`, `C_OPER_PHONE`, `C_OPER_FAX_NO`, `C_LAW_NAME`, `C_LAW_IDENTTYPE`, `C_LAW_OTHER_IDENTTYPE`, `C_LAW_IDENTNO`, `D_LAW_VALIDDATE`, `N_BATCHNO`, `L_REG_OPERID`, `C_REG_OPERNAME`, `D_REG_DATE`, `T_REG_TIME`, `L_MODI_OPERID`, `C_MODI_OPERNAME`, `D_MODI_DATE`, `T_MODI_TIME`, `C_BUSIN_STATUS`, `C_LAST_STATUS`, `C_OPERORG`, `C_TMP_TYPE`, `C_TMP_OPER_TYPE`, `C_ORG_CODE`, `D_APPLY_DATE`, `T_APPLY_TIME`, `D_AUDIT_DATE`, `T_AUDIT_TIME`, `C_CORELIST`, `C_TAX_NO`, `C_OPEN_LICENSE`, `C_WECHAT_OPENID`, `C_DEAL_PASSWORD`, `C_ROLE`, `C_DATA_SOURCE`, `D_ACTIVE_DATE`, `T_ACTIVE_TIME`) VALUES (100000000000002, NULL, 100000000000002, '广西建工集团第一建筑工程有限责任公司', '91440300758613572G', '1', '20991231', '91450000198228982J ', '20151104', '20330803', '广西省', '888888', '0771-88888888', '0755-33000702', NULL, '8888888888888888', '广西建工集团第一建筑工程有限责任公司', '8000', '440300', '兴业银行股份有限公司深圳高新区支行', '建工一建经办员', '1', NULL, '362329198801090333', '20200723', '18665997997', 'financie@gxjgjt.com', '0771-88888888', '0771-99999999', '20170324', '1', NULL, '440301196103218888', '20250110', NULL, 1002801, '建工一建经办员', '20170324', '102600', NULL, NULL, '', '', '2', '2', '广西建工集团有限责任公司', '2', NULL, '91440300758613572G', '20170324', '102600', '20170324', '102600', NULL, '91440300758613572G', 'J5840012876304', NULL, NULL, NULL, '0', '20170324', '102600')$$
REPLACE INTO `t_temp_cust_enroll` (`ID`, `C_CUSTTYPE`, `C_CUSTNAME`, `C_IDENTTYPE`, `C_IDENTNO`, `C_SHORTNAME`, `C_NICKNAME`, `C_BANKACCO`, `C_BANKACCONAME`, `C_BANKNAME`, `L_CUSTNO`, `C_CONTACT`, `C_CONTYPE`, `C_CONTNO`, `C_CONTPHONE`, `C_CONTMOBILE`, `C_CONTEMAIL`, `C_STATUS`, `C_DESCRIPTION`, `D_REGDATE`, `D_MODIDATE`, `C_OPERORG`, `L_CORE_CUSTNO`, `C_BTNO`, `N_BATCHNO`, `C_PREMISES_ADDRESS`) VALUES (100000000000002, '0', '广西建工集团第一建筑工程有限责任公司', '1', '91450000198228982J ', NULL, NULL, '8888888888888888', '广西建工集团第一建筑工程有限责任公司', '兴业银行股份有限公司深圳高新区支行', 100000000000002, '建工一建经办员', NULL, NULL, NULL, '18665997997', 'financie@gxjgjt.com', '0', '', '20170324', NULL, '广西建工集团有限责任公司', 0, NULL, 0, '广西省')$$
REPLACE INTO `t_cust_contact` (`L_CUSTNO`, `C_ZIPCODE`, `C_CITYNO`, `C_ADDRESS`, `C_PHONE`, `C_FAXNO`, `C_MOBILENO`, `C_EMAIL`, `C_WEIXIN`, `C_QQ`, `C_WEBADDR`, `D_MODIDATE`, `C_HOME_PHONE`, `C_OFFICE_PHONE`, `C_CORPNAME`, `C_COUNTY`) VALUES (100000000000002, '888888', '440300', '广西省', '0771-88888888', '0771-99999999', '', '', NULL, NULL, NULL, '20170324 102600', NULL, '0771-88888888', '广西建工集团有限责任公司', NULL)$$
REPLACE INTO `t_cust_mech_bankacco` (`ID`, `N_VERSION`, `C_IS_DEFAULT`, `C_TRADE_ACCO`, `C_BANK_NO`, `C_BANK_NAME`, `C_BANK_ACCO`, `C_BANK_ACCONAME`, `C_BANK_BRANCH`, `C_NET_NO`, `C_PAY_CENTER`, `D_END_FROZEN_DATE`, `C_CONTRACT_NO`, `C_AUTH_STATUS`, `C_SIGN_STATUS`, `C_IDENTTYPE`, `C_IDENTNO`, `C_FLAG`, `C_BAKUP_ACCO`, `C_COUNTY_NAME`, `C_CITY_NAME`, `C_CITYNO`, `L_REG_OPERID`, `C_REG_OPERNAME`, `D_REG_DATE`, `T_REG_TIME`, `L_MODI_OPERID`, `C_MODI_OPERNAME`, `D_MODI_DATE`, `T_MODI_TIME`, `C_OPERORG`, `C_ACCO_STATUS`, `C_BUSIN_STATUS`, `C_LAST_STATUS`, `L_CUSTNO`, `N_BATCHNO`, `C_OPEN_LICENSE`) VALUES (100000000000002, 0, '1', '', '8000', '兴业银行股份有限公司深圳高新区支行', '8888888888888888', '广西建工集团第一建筑工程有限责任公司', '', '', '', NULL, NULL, '0', '0', NULL, NULL, '', '', '', '', '440300', 1002801, '建工一建经办员', '20170324', '102600', 1002801, '建工一建经办员', '20170324', '102600', '广西建工集团有限责任公司', '0', '0', NULL, 100000000000002, NULL, 'J5840012876304')$$
REPLACE INTO `t_cust_mech_base` (`L_CUSTNO`, `C_CUSTNAME`, `N_VERSION`, `C_ENG_NAME`, `C_CATEGORY`, `C_CORP_TYPE`, `C_NATION_TYPE`, `C_CAPITAL_TYPE`, `C_LAW_NAME`, `C_LAW_PHONE`, `C_LAW_IDENTNO`, `C_LAW_IDENTTYPE`, `D_LAW_VALIDDATE`, `C_REG_ADDRESS`, `C_CORP_VOCATION`, `C_CORP_PROPERTY`, `C_INVEST`, `C_INST_TYPE`, `C_CUST_CLASS`, `C_ORG_CODE`, `C_BUSIN_LICENCE`, `D_BUSIN_LICENCE_REGDATE`, `D_BUSIN_LICENCE_VALIDDATE`, `C_REG_CAPITAL`, `C_PAID_CAPITAL`, `N_PERSON`, `C_PREMISES_AREA`, `C_PREMISES_YEAR`, `C_PREMISES_TYPE`, `C_PREMISES_ADDRESS`, `C_BUSIN_SCOPE`, `D_SETUP_DATE`, `C_ADDRESS`, `C_ZIPCODE`, `C_PHONE`, `C_FAX`, `C_MOBILE`, `C_EMAIL`, `C_WECHAT`, `C_QQ`, `C_WEBADDR`, `C_CORPNAME`, `C_CITYNO`, `N_BATCHNO`, `L_REG_OPERID`, `C_REG_OPERNAME`, `D_REG_DATE`, `T_REG_TIME`, `L_MODI_OPERID`, `C_MODI_OPERNAME`, `D_MODI_DATE`, `T_MODI_TIME`, `C_OPERORG`, `C_BUSIN_STATUS`, `C_LAST_STATUS`) VALUES (100000000000002, '广西建工集团第一建筑工程有限责任公司', 0, NULL, NULL, '0', NULL, NULL, '20170324', NULL, '440301196103218888', '0', '20991231', '广西省', NULL, '1', NULL, NULL, NULL, '91450000198228982J ', '91450000198228982J ', '20991231', '20991231', '0', '0', NULL, '0', '0', '0', '广西省', '', '20040415', '广西省', '888888', '0771-88888888', '0771-99999999', NULL, '', NULL, NULL, NULL, NULL, NULL, 0, 1002801, '建工一建经办员', '20170324', '102600', 1002801, '建工一建经办员', '20170324', '102600', '广西建工集团有限责任公司', NULL, NULL)$$
REPLACE INTO `t_cust_mech_busin_licence` (`ID`, `N_VERSION`, `C_UNIFIED_CODE`, `C_REG_NO`, `C_ORG_CODE`, `C_TAX_NO`, `C_CORP_TYPE`, `C_ADDRESS`, `C_LAW_NAME`, `F_REG_CAPITAL`, `F_PAID_CAPITAL`, `D_SETUP_DATE`, `D_START_DATE`, `D_END_DATE`, `C_REG_BRANCH`, `D_CERTIFIED_DATE`, `C_BUSIN_SCOPE`, `N_BATCHNO`, `L_REG_OPERID`, `C_REG_OPERNAME`, `D_REG_DATE`, `T_REG_TIME`, `L_MODI_OPERID`, `C_MODI_OPERNAME`, `D_MODI_DATE`, `T_MODI_TIME`, `C_OPERORG`, `C_BUSIN_STATUS`, `C_LAST_STATUS`, `L_CUSTNO`, `C_CUSTNAME`) VALUES (100000000000002, NULL, '91450000198228982J ', '91450000198228982J ', '91450000198228982J ', '', '2', '广西省', '20170324', NULL, NULL, '20991231', '20991231', '20991231', '深圳市市场监督管理局', '20151104', NULL, NULL, 1002801, '建工一建经办员', '20170324', '102600', 1002801, '建工一建经办员', '20170324', '102600', '广西建工集团有限责任公司', '0', '0', 100000000000002, '广西建工集团第一建筑工程有限责任公司')$$
REPLACE INTO `t_cust_mech_contacter` (`ID`, `N_VERSION`, `C_NAME`, `C_SEX`, `C_MOBILE`, `C_PHONE`, `C_EMAIL`, `C_ADDRESS`, `L_CUSTNO`, `L_REG_OPERID`, `C_REG_OPERNAME`, `D_REG_DATE`, `T_REG_TIME`, `L_MODI_OPERID`, `C_MODI_OPERNAME`, `D_MODI_DATE`, `T_MODI_TIME`, `C_OPERORG`, `C_BUSIN_STATUS`, `C_LAST_STATUS`, `N_BATCHNO`) VALUES (100000000000002, NULL, '建工一建经办员', '1', '18697958888', '0771-88888888', 'financie@gxjgjt.com', '广西省', 100000000000002, 1002801, '建工一建经办员', '20170324', '102600', 1002801, '建工一建经办员', '20170324', '102600', '广西建工集团有限责任公司', '0', NULL, 0)$$
REPLACE INTO `t_cust_mech_law` (`ID`, `N_VERSION`, `C_NAME`, `C_IDENTTYPE`, `C_IDENTNO`, `D_VALIDDATE`, `C_SEX`, `D_BIRTHDATE`, `C_PHONE`, `C_EDU_LEVEL`, `C_MARTIAL_STATUS`, `C_NATIVE_PLACE`, `C_ADDRESS`, `N_BATCHNO`, `L_REG_OPERID`, `C_REG_OPERNAME`, `D_REG_DATE`, `T_REG_TIME`, `L_MODI_OPERID`, `C_MODI_OPERNAME`, `D_MODI_DATE`, `T_MODI_TIME`, `C_OPERORG`, `C_BUSIN_STATUS`, `C_LAST_STATUS`, `L_CUSTNO`, `C_CUSTNAME`) VALUES (100000000000002, 0, '法人', '1', '440301196103218888', '20991231', '1', '19881231', NULL, NULL, NULL, NULL, NULL, NULL, 1002801, '建工一建经办员', '20170324', '102600', 1002801, '建工一建经办员', '20170324', '102600', '广西建工集团有限责任公司', '0', NULL, 100000000000002, '广西建工集团第一建筑工程有限责任公司')$$

REPLACE INTO `t_cust_major` (`L_CUSTNO`, `C_CUSTNAME`, `C_CUSTCORP`, `C_CUSTTYPE`, `C_BUSIN_MODE`, `L_REG_OPERID`, `C_REG_OPERNAME`, `D_REG_DATE`, `T_REG_TIME`, `L_MODI_OPERID`, `C_MODI_OPERNAME`, `D_MODI_DATE`, `T_MODI_TIME`, `C_OPERORG`, `C_BUSIN_STATUS`) VALUES (100000000000003, '广西建工集团第二建筑工程有限责任公司', 'GXJG2J', '2', '0', 1000676, '杨红', '20170324', '102600', NULL, NULL, NULL, NULL, '广西建工集团有限责任公司', '1')$$
REPLACE INTO `t_custinfo` (`L_CUSTNO`, `N_VERSION`, `C_CUSTTYPE`, `C_CUSTNAME`, `C_SHORTNAME`, `C_NICKNAME`, `C_NATIONAL`, `C_REGADDR`, `C_USER_TYPE`, `C_IDENTTYPE`, `C_IDENTNO`, `D_VAILDDATE`, `C_IDENTVALID`, `C_ADUIT_LEVELS`, `N_BATCHNO`, `L_REG_OPERID`, `C_REG_OPERNAME`, `D_REG_DATE`, `T_REG_TIME`, `L_MODI_OPERID`, `C_MODI_OPERNAME`, `D_MODI_DATE`, `T_MODI_TIME`, `C_OPERORG`, `C_BUSIN_STATUS`, `C_LAST_STATUS`) VALUES (100000000000003, 0, '0', '广西建工集团第二建筑工程有限责任公司', NULL, NULL, NULL, NULL, NULL, '1', '91450000198228982J ', '20991231', '1', NULL, NULL, 1002802, '建工二建经办员', '20170324', '102600', NULL, NULL, NULL, NULL, '广西建工集团有限责任公司', '0', '0')$$
REPLACE INTO `t_cust_open_account_tmp` (`ID`, `L_PARENTID`, `L_CUSTNO`, `C_CUSTNAME`, `C_IDENTNO`, `C_IDENTTYPE`, `D_VALIDDATE`, `C_BUSIN_LICENCE`, `D_BUSIN_LICENCE_REGDATE`, `D_BUSIN_LICENCE_VALIDDATE`, `C_ADDRESS`, `C_ZIPCODE`, `C_PHONE`, `C_FAX`, `C_EMAIL`, `C_BANK_ACCO`, `C_BANK_ACCONAME`, `C_BANK_NO`, `C_BANK_CITYNO`, `C_BANK_NAME`, `C_OPERNAME`, `C_OPER_IDENTTYPE`, `C_OPER_OTHER_IDENTTYPE`, `C_OPER_IDENTNO`, `D_OPER_VALIDDATE`, `C_OPER_MOBILE`, `C_OPER_EMAIL`, `C_OPER_PHONE`, `C_OPER_FAX_NO`, `C_LAW_NAME`, `C_LAW_IDENTTYPE`, `C_LAW_OTHER_IDENTTYPE`, `C_LAW_IDENTNO`, `D_LAW_VALIDDATE`, `N_BATCHNO`, `L_REG_OPERID`, `C_REG_OPERNAME`, `D_REG_DATE`, `T_REG_TIME`, `L_MODI_OPERID`, `C_MODI_OPERNAME`, `D_MODI_DATE`, `T_MODI_TIME`, `C_BUSIN_STATUS`, `C_LAST_STATUS`, `C_OPERORG`, `C_TMP_TYPE`, `C_TMP_OPER_TYPE`, `C_ORG_CODE`, `D_APPLY_DATE`, `T_APPLY_TIME`, `D_AUDIT_DATE`, `T_AUDIT_TIME`, `C_CORELIST`, `C_TAX_NO`, `C_OPEN_LICENSE`, `C_WECHAT_OPENID`, `C_DEAL_PASSWORD`, `C_ROLE`, `C_DATA_SOURCE`, `D_ACTIVE_DATE`, `T_ACTIVE_TIME`) VALUES (100000000000003, NULL, 100000000000003, '广西建工集团第二建筑工程有限责任公司', '91440300758613572G', '1', '20991231', '91450000198228982J ', '20151104', '20330803', '广西省', '888888', '0771-88888888', '0755-33000702', NULL, '8888888888888888', '广西建工集团第二建筑工程有限责任公司', '8000', '440300', '兴业银行股份有限公司深圳高新区支行', '建工二建经办员', '1', NULL, '362329198801090333', '20200723', '18665997997', 'financie@gxjgjt.com', '0771-88888888', '0771-99999999', '20170324', '1', NULL, '440301196103218888', '20250110', NULL, 1002802, '建工二建经办员', '20170324', '102600', NULL, NULL, '', '', '2', '2', '广西建工集团有限责任公司', '2', NULL, '91440300758613572G', '20170324', '102600', '20170324', '102600', NULL, '91440300758613572G', 'J5840012876304', NULL, NULL, NULL, '0', '20170324', '102600')$$
REPLACE INTO `t_temp_cust_enroll` (`ID`, `C_CUSTTYPE`, `C_CUSTNAME`, `C_IDENTTYPE`, `C_IDENTNO`, `C_SHORTNAME`, `C_NICKNAME`, `C_BANKACCO`, `C_BANKACCONAME`, `C_BANKNAME`, `L_CUSTNO`, `C_CONTACT`, `C_CONTYPE`, `C_CONTNO`, `C_CONTPHONE`, `C_CONTMOBILE`, `C_CONTEMAIL`, `C_STATUS`, `C_DESCRIPTION`, `D_REGDATE`, `D_MODIDATE`, `C_OPERORG`, `L_CORE_CUSTNO`, `C_BTNO`, `N_BATCHNO`, `C_PREMISES_ADDRESS`) VALUES (100000000000003, '0', '广西建工集团第二建筑工程有限责任公司', '1', '91450000198228982J ', NULL, NULL, '8888888888888888', '广西建工集团第二建筑工程有限责任公司', '兴业银行股份有限公司深圳高新区支行', 100000000000003, '建工二建经办员', NULL, NULL, NULL, '18665997997', 'financie@gxjgjt.com', '0', '', '20170324', NULL, '广西建工集团有限责任公司', 0, NULL, 0, '广西省')$$
REPLACE INTO `t_cust_contact` (`L_CUSTNO`, `C_ZIPCODE`, `C_CITYNO`, `C_ADDRESS`, `C_PHONE`, `C_FAXNO`, `C_MOBILENO`, `C_EMAIL`, `C_WEIXIN`, `C_QQ`, `C_WEBADDR`, `D_MODIDATE`, `C_HOME_PHONE`, `C_OFFICE_PHONE`, `C_CORPNAME`, `C_COUNTY`) VALUES (100000000000003, '888888', '440300', '广西省', '0771-88888888', '0771-99999999', '', '', NULL, NULL, NULL, '20170324 102600', NULL, '0771-88888888', '广西建工集团有限责任公司', NULL)$$
REPLACE INTO `t_cust_mech_bankacco` (`ID`, `N_VERSION`, `C_IS_DEFAULT`, `C_TRADE_ACCO`, `C_BANK_NO`, `C_BANK_NAME`, `C_BANK_ACCO`, `C_BANK_ACCONAME`, `C_BANK_BRANCH`, `C_NET_NO`, `C_PAY_CENTER`, `D_END_FROZEN_DATE`, `C_CONTRACT_NO`, `C_AUTH_STATUS`, `C_SIGN_STATUS`, `C_IDENTTYPE`, `C_IDENTNO`, `C_FLAG`, `C_BAKUP_ACCO`, `C_COUNTY_NAME`, `C_CITY_NAME`, `C_CITYNO`, `L_REG_OPERID`, `C_REG_OPERNAME`, `D_REG_DATE`, `T_REG_TIME`, `L_MODI_OPERID`, `C_MODI_OPERNAME`, `D_MODI_DATE`, `T_MODI_TIME`, `C_OPERORG`, `C_ACCO_STATUS`, `C_BUSIN_STATUS`, `C_LAST_STATUS`, `L_CUSTNO`, `N_BATCHNO`, `C_OPEN_LICENSE`) VALUES (100000000000003, 0, '1', '', '8000', '兴业银行股份有限公司深圳高新区支行', '8888888888888888', '广西建工集团第二建筑工程有限责任公司', '', '', '', NULL, NULL, '0', '0', NULL, NULL, '', '', '', '', '440300', 1002802, '建工二建经办员', '20170324', '102600', 1002802, '建工二建经办员', '20170324', '102600', '广西建工集团有限责任公司', '0', '0', NULL, 100000000000003, NULL, 'J5840012876304')$$
REPLACE INTO `t_cust_mech_base` (`L_CUSTNO`, `C_CUSTNAME`, `N_VERSION`, `C_ENG_NAME`, `C_CATEGORY`, `C_CORP_TYPE`, `C_NATION_TYPE`, `C_CAPITAL_TYPE`, `C_LAW_NAME`, `C_LAW_PHONE`, `C_LAW_IDENTNO`, `C_LAW_IDENTTYPE`, `D_LAW_VALIDDATE`, `C_REG_ADDRESS`, `C_CORP_VOCATION`, `C_CORP_PROPERTY`, `C_INVEST`, `C_INST_TYPE`, `C_CUST_CLASS`, `C_ORG_CODE`, `C_BUSIN_LICENCE`, `D_BUSIN_LICENCE_REGDATE`, `D_BUSIN_LICENCE_VALIDDATE`, `C_REG_CAPITAL`, `C_PAID_CAPITAL`, `N_PERSON`, `C_PREMISES_AREA`, `C_PREMISES_YEAR`, `C_PREMISES_TYPE`, `C_PREMISES_ADDRESS`, `C_BUSIN_SCOPE`, `D_SETUP_DATE`, `C_ADDRESS`, `C_ZIPCODE`, `C_PHONE`, `C_FAX`, `C_MOBILE`, `C_EMAIL`, `C_WECHAT`, `C_QQ`, `C_WEBADDR`, `C_CORPNAME`, `C_CITYNO`, `N_BATCHNO`, `L_REG_OPERID`, `C_REG_OPERNAME`, `D_REG_DATE`, `T_REG_TIME`, `L_MODI_OPERID`, `C_MODI_OPERNAME`, `D_MODI_DATE`, `T_MODI_TIME`, `C_OPERORG`, `C_BUSIN_STATUS`, `C_LAST_STATUS`) VALUES (100000000000003, '广西建工集团第二建筑工程有限责任公司', 0, NULL, NULL, '0', NULL, NULL, '20170324', NULL, '440301196103218888', '0', '20991231', '广西省', NULL, '1', NULL, NULL, NULL, '91450000198228982J ', '91450000198228982J ', '20991231', '20991231', '0', '0', NULL, '0', '0', '0', '广西省', '', '20040415', '广西省', '888888', '0771-88888888', '0771-99999999', NULL, '', NULL, NULL, NULL, NULL, NULL, 0, 1002802, '建工二建经办员', '20170324', '102600', 1002802, '建工二建经办员', '20170324', '102600', '广西建工集团有限责任公司', NULL, NULL)$$
REPLACE INTO `t_cust_mech_busin_licence` (`ID`, `N_VERSION`, `C_UNIFIED_CODE`, `C_REG_NO`, `C_ORG_CODE`, `C_TAX_NO`, `C_CORP_TYPE`, `C_ADDRESS`, `C_LAW_NAME`, `F_REG_CAPITAL`, `F_PAID_CAPITAL`, `D_SETUP_DATE`, `D_START_DATE`, `D_END_DATE`, `C_REG_BRANCH`, `D_CERTIFIED_DATE`, `C_BUSIN_SCOPE`, `N_BATCHNO`, `L_REG_OPERID`, `C_REG_OPERNAME`, `D_REG_DATE`, `T_REG_TIME`, `L_MODI_OPERID`, `C_MODI_OPERNAME`, `D_MODI_DATE`, `T_MODI_TIME`, `C_OPERORG`, `C_BUSIN_STATUS`, `C_LAST_STATUS`, `L_CUSTNO`, `C_CUSTNAME`) VALUES (100000000000003, NULL, '91450000198228982J ', '91450000198228982J ', '91450000198228982J ', '', '2', '广西省', '20170324', NULL, NULL, '20991231', '20991231', '20991231', '深圳市市场监督管理局', '20151104', NULL, NULL, 1002802, '建工二建经办员', '20170324', '102600', 1002802, '建工二建经办员', '20170324', '102600', '广西建工集团有限责任公司', '0', '0', 100000000000003, '广西建工集团第二建筑工程有限责任公司')$$
REPLACE INTO `t_cust_mech_contacter` (`ID`, `N_VERSION`, `C_NAME`, `C_SEX`, `C_MOBILE`, `C_PHONE`, `C_EMAIL`, `C_ADDRESS`, `L_CUSTNO`, `L_REG_OPERID`, `C_REG_OPERNAME`, `D_REG_DATE`, `T_REG_TIME`, `L_MODI_OPERID`, `C_MODI_OPERNAME`, `D_MODI_DATE`, `T_MODI_TIME`, `C_OPERORG`, `C_BUSIN_STATUS`, `C_LAST_STATUS`, `N_BATCHNO`) VALUES (100000000000003, NULL, '建工二建经办员', '1', '18697958888', '0771-88888888', 'financie@gxjgjt.com', '广西省', 100000000000003, 1002802, '建工二建经办员', '20170324', '102600', 1002802, '建工二建经办员', '20170324', '102600', '广西建工集团有限责任公司', '0', NULL, 0)$$
REPLACE INTO `t_cust_mech_law` (`ID`, `N_VERSION`, `C_NAME`, `C_IDENTTYPE`, `C_IDENTNO`, `D_VALIDDATE`, `C_SEX`, `D_BIRTHDATE`, `C_PHONE`, `C_EDU_LEVEL`, `C_MARTIAL_STATUS`, `C_NATIVE_PLACE`, `C_ADDRESS`, `N_BATCHNO`, `L_REG_OPERID`, `C_REG_OPERNAME`, `D_REG_DATE`, `T_REG_TIME`, `L_MODI_OPERID`, `C_MODI_OPERNAME`, `D_MODI_DATE`, `T_MODI_TIME`, `C_OPERORG`, `C_BUSIN_STATUS`, `C_LAST_STATUS`, `L_CUSTNO`, `C_CUSTNAME`) VALUES (100000000000003, 0, '法人', '1', '440301196103218888', '20991231', '1', '19881231', NULL, NULL, NULL, NULL, NULL, NULL, 1002802, '建工二建经办员', '20170324', '102600', 1002802, '建工二建经办员', '20170324', '102600', '广西建工集团有限责任公司', '0', NULL, 100000000000003, '广西建工集团第二建筑工程有限责任公司')$$

REPLACE INTO `t_cust_operator_relation` (`ID`, `L_OPERNO`, `L_CUSTNO`, `C_STATUS`, `D_REGDATE`, `D_MODIDATE`, `C_OPERORG`) VALUES (100000000000001, 1002800, 100000000000001, '1', '20170324', '20170324 151203', '广西建工集团有限责任公司')$$
REPLACE INTO `t_cust_operator_relation` (`ID`, `L_OPERNO`, `L_CUSTNO`, `C_STATUS`, `D_REGDATE`, `D_MODIDATE`, `C_OPERORG`) VALUES (100000000000002, 1002801, 100000000000002, '1', '20170324', '20170324 151203', '广西建工集团有限责任公司')$$
REPLACE INTO `t_cust_operator_relation` (`ID`, `L_OPERNO`, `L_CUSTNO`, `C_STATUS`, `D_REGDATE`, `D_MODIDATE`, `C_OPERORG`) VALUES (100000000000003, 1002802, 100000000000003, '1', '20170324', '20170324 151203', '广西建工集团有限责任公司')$$

REPLACE INTO `t_cust_relation` (`ID`, `L_CUSTNO`, `C_CUSTNAME`, `C_BANK_ACCO`, `C_BANK_ACCONAME`, `C_CUSTTYPE`, `C_BT_NO`, `C_CORP_ID`, `L_RELATE_CUSTNO`, `C_RELATE_CUSTNAME`, `C_RELATE_CUSTCORP`, `C_RELATE_TYPE`, `C_PARTNER_CUSTNO`, `L_OPERID`, `C_OPERNAME`, `L_REG_OPERID`, `C_REG_OPERNAME`, `D_REG_DATE`, `T_REG_TIME`, `L_MODI_OPERID`, `C_MODI_OPERNAME`, `D_MODI_DATE`, `T_MODI_TIME`, `C_OPERORG`, `C_BUSIN_STATUS`, `C_LAST_STATUS`) VALUES (100000000000001, 100000000000002, '广西建工集团第一建筑工程有限责任公司', NULL, NULL, '0', NULL, NULL, 100000000000001, '广西建工集团有限责任公司\r\n', NULL, '0', NULL, 1002801, '建工一建经办员', 1002801, '建工一建经办员', '20170323', '185528', 1002801, '建工一建经办员', '20170323', '185528', '广西建工集团有限责任公司\r\n', '3', '1')$$
REPLACE INTO `t_cust_relation` (`ID`, `L_CUSTNO`, `C_CUSTNAME`, `C_BANK_ACCO`, `C_BANK_ACCONAME`, `C_CUSTTYPE`, `C_BT_NO`, `C_CORP_ID`, `L_RELATE_CUSTNO`, `C_RELATE_CUSTNAME`, `C_RELATE_CUSTCORP`, `C_RELATE_TYPE`, `C_PARTNER_CUSTNO`, `L_OPERID`, `C_OPERNAME`, `L_REG_OPERID`, `C_REG_OPERNAME`, `D_REG_DATE`, `T_REG_TIME`, `L_MODI_OPERID`, `C_MODI_OPERNAME`, `D_MODI_DATE`, `T_MODI_TIME`, `C_OPERORG`, `C_BUSIN_STATUS`, `C_LAST_STATUS`) VALUES (100000000000002, 100000000000002, '广西建工集团第一建筑工程有限责任公司', NULL, NULL, '0', NULL, NULL, 100000000000001, '广西建工集团有限责任公司\r\n', NULL, '2', NULL, 1002801, '建工一建经办员', 1002801, '建工一建经办员', '20170323', '185528', 1002801, '建工一建经办员', '20170323', '185528', '广西建工集团有限责任公司\r\n', '3', '1')$$
REPLACE INTO `t_cust_relation` (`ID`, `L_CUSTNO`, `C_CUSTNAME`, `C_BANK_ACCO`, `C_BANK_ACCONAME`, `C_CUSTTYPE`, `C_BT_NO`, `C_CORP_ID`, `L_RELATE_CUSTNO`, `C_RELATE_CUSTNAME`, `C_RELATE_CUSTCORP`, `C_RELATE_TYPE`, `C_PARTNER_CUSTNO`, `L_OPERID`, `C_OPERNAME`, `L_REG_OPERID`, `C_REG_OPERNAME`, `D_REG_DATE`, `T_REG_TIME`, `L_MODI_OPERID`, `C_MODI_OPERNAME`, `D_MODI_DATE`, `T_MODI_TIME`, `C_OPERORG`, `C_BUSIN_STATUS`, `C_LAST_STATUS`) VALUES (100000000000003, 100000000000002, '广西建工集团第一建筑工程有限责任公司', NULL, NULL, '0', NULL, NULL, 100000000000003, '广西建工集团第二建筑工程有限责任公司', NULL, '1', NULL, 1002801, '建工一建经办员', 1002801, '建工一建经办员', '20170323', '185528', 1002801, '建工一建经办员', '20170323', '185528', '广西建工集团有限责任公司\r\n', '3', '1')$$
REPLACE INTO `t_cust_relation` (`ID`, `L_CUSTNO`, `C_CUSTNAME`, `C_BANK_ACCO`, `C_BANK_ACCONAME`, `C_CUSTTYPE`, `C_BT_NO`, `C_CORP_ID`, `L_RELATE_CUSTNO`, `C_RELATE_CUSTNAME`, `C_RELATE_CUSTCORP`, `C_RELATE_TYPE`, `C_PARTNER_CUSTNO`, `L_OPERID`, `C_OPERNAME`, `L_REG_OPERID`, `C_REG_OPERNAME`, `D_REG_DATE`, `T_REG_TIME`, `L_MODI_OPERID`, `C_MODI_OPERNAME`, `D_MODI_DATE`, `T_MODI_TIME`, `C_OPERORG`, `C_BUSIN_STATUS`, `C_LAST_STATUS`) VALUES (100000000000004, 100000000000002, '广西建工集团第一建筑工程有限责任公司', NULL, NULL, '0', NULL, NULL, 100000120, '沃通电子认证服务有限公司', NULL, '5', NULL, 1002801, '建工一建经办员', 1002801, '建工一建经办员', '20170323', '185528', 1002801, '建工一建经办员', '20170323', '185528', '广西建工集团有限责任公司\r\n', '3', '1')$$
REPLACE INTO `t_cust_relation` (`ID`, `L_CUSTNO`, `C_CUSTNAME`, `C_BANK_ACCO`, `C_BANK_ACCONAME`, `C_CUSTTYPE`, `C_BT_NO`, `C_CORP_ID`, `L_RELATE_CUSTNO`, `C_RELATE_CUSTNAME`, `C_RELATE_CUSTCORP`, `C_RELATE_TYPE`, `C_PARTNER_CUSTNO`, `L_OPERID`, `C_OPERNAME`, `L_REG_OPERID`, `C_REG_OPERNAME`, `D_REG_DATE`, `T_REG_TIME`, `L_MODI_OPERID`, `C_MODI_OPERNAME`, `D_MODI_DATE`, `T_MODI_TIME`, `C_OPERORG`, `C_BUSIN_STATUS`, `C_LAST_STATUS`) VALUES (100000000000005, 100000000000003, '广西建工集团第二建筑工程有限责任公司', NULL, NULL, '0', NULL, NULL, 100000000000001, '广西建工集团有限责任公司\r\n', NULL, '0', NULL, 1002801, '建工一建经办员', 1002801, '建工一建经办员', '20170323', '185528', 1002801, '建工一建经办员', '20170323', '185528', '广西建工集团有限责任公司\r\n', '3', '1')$$
REPLACE INTO `t_cust_relation` (`ID`, `L_CUSTNO`, `C_CUSTNAME`, `C_BANK_ACCO`, `C_BANK_ACCONAME`, `C_CUSTTYPE`, `C_BT_NO`, `C_CORP_ID`, `L_RELATE_CUSTNO`, `C_RELATE_CUSTNAME`, `C_RELATE_CUSTCORP`, `C_RELATE_TYPE`, `C_PARTNER_CUSTNO`, `L_OPERID`, `C_OPERNAME`, `L_REG_OPERID`, `C_REG_OPERNAME`, `D_REG_DATE`, `T_REG_TIME`, `L_MODI_OPERID`, `C_MODI_OPERNAME`, `D_MODI_DATE`, `T_MODI_TIME`, `C_OPERORG`, `C_BUSIN_STATUS`, `C_LAST_STATUS`) VALUES (100000000000006, 100000000000003, '广西建工集团第二建筑工程有限责任公司', NULL, NULL, '0', NULL, NULL, 100000000000001, '广西建工集团有限责任公司\r\n', NULL, '2', NULL, 1002801, '建工一建经办员', 1002801, '建工一建经办员', '20170323', '185528', 1002801, '建工一建经办员', '20170323', '185528', '广西建工集团有限责任公司\r\n', '3', '1')$$
REPLACE INTO `t_cust_relation` (`ID`, `L_CUSTNO`, `C_CUSTNAME`, `C_BANK_ACCO`, `C_BANK_ACCONAME`, `C_CUSTTYPE`, `C_BT_NO`, `C_CORP_ID`, `L_RELATE_CUSTNO`, `C_RELATE_CUSTNAME`, `C_RELATE_CUSTCORP`, `C_RELATE_TYPE`, `C_PARTNER_CUSTNO`, `L_OPERID`, `C_OPERNAME`, `L_REG_OPERID`, `C_REG_OPERNAME`, `D_REG_DATE`, `T_REG_TIME`, `L_MODI_OPERID`, `C_MODI_OPERNAME`, `D_MODI_DATE`, `T_MODI_TIME`, `C_OPERORG`, `C_BUSIN_STATUS`, `C_LAST_STATUS`) VALUES (100000000000007, 100000000000003, '广西建工集团第二建筑工程有限责任公司', NULL, NULL, '0', NULL, NULL, 100000000000002, '广西建工集团第一建筑工程有限责任公司', NULL, '1', NULL, 1002801, '建工一建经办员', 1002801, '建工一建经办员', '20170323', '185528', 1002801, '建工一建经办员', '20170323', '185528', '广西建工集团有限责任公司\r\n', '3', '1')$$
REPLACE INTO `t_cust_relation` (`ID`, `L_CUSTNO`, `C_CUSTNAME`, `C_BANK_ACCO`, `C_BANK_ACCONAME`, `C_CUSTTYPE`, `C_BT_NO`, `C_CORP_ID`, `L_RELATE_CUSTNO`, `C_RELATE_CUSTNAME`, `C_RELATE_CUSTCORP`, `C_RELATE_TYPE`, `C_PARTNER_CUSTNO`, `L_OPERID`, `C_OPERNAME`, `L_REG_OPERID`, `C_REG_OPERNAME`, `D_REG_DATE`, `T_REG_TIME`, `L_MODI_OPERID`, `C_MODI_OPERNAME`, `D_MODI_DATE`, `T_MODI_TIME`, `C_OPERORG`, `C_BUSIN_STATUS`, `C_LAST_STATUS`) VALUES (100000000000008, 100000000000003, '广西建工集团第二建筑工程有限责任公司', NULL, NULL, '0', NULL, NULL, 100000120, '沃通电子认证服务有限公司', NULL, '5', NULL, 1002801, '建工一建经办员', 1002801, '建工一建经办员', '20170323', '185528', 1002801, '建工一建经办员', '20170323', '185528', '广西建工集团有限责任公司\r\n', '3', '1')$$

REPLACE INTO `t_cust_operator` (`ID`, `C_NAME`, `C_IDENTTYPE`, `C_IDENTNO`, `D_VAILDDATE`, `C_SEX`, `C_ZIPCODE`, `C_ADDRESS`, `C_PHONE`, `C_FAXNO`, `C_MOBILENO`, `C_EMAIL`, `C_IDENT_CLASS`, `C_TRANS_BUSIN`, `C_REVOKE_BUSIN`, `C_DEFAULT`, `C_STATUS`, `C_LAST_STATUS`, `D_REGDATE`, `D_MODIDATE`, `C_CODE`, `C_OPERORG`, `L_CONTACTOR_SERIAL`, `C_RULE_LIST`, `C_CLERK`) VALUES (1002801, '建工一建经办员', '7', '888888888888888889', '20991231', '', '888888', '广西省南宁市衡阳东路1号', '0771-88888888', '0771-99999999', '18697958889', 'financie1@gxjgjt.com', NULL, NULL, NULL, '0', '1', '1', '20170324', '20170324 102720', '1001', '广西建工集团有限责任公司', NULL, '1000924', '0')$$
REPLACE INTO `t_cust_operator` (`ID`, `C_NAME`, `C_IDENTTYPE`, `C_IDENTNO`, `D_VAILDDATE`, `C_SEX`, `C_ZIPCODE`, `C_ADDRESS`, `C_PHONE`, `C_FAXNO`, `C_MOBILENO`, `C_EMAIL`, `C_IDENT_CLASS`, `C_TRANS_BUSIN`, `C_REVOKE_BUSIN`, `C_DEFAULT`, `C_STATUS`, `C_LAST_STATUS`, `D_REGDATE`, `D_MODIDATE`, `C_CODE`, `C_OPERORG`, `L_CONTACTOR_SERIAL`, `C_RULE_LIST`, `C_CLERK`) VALUES (1002802, '建工二建经办员', '7', '888888888888888887', '20470324', '', '888888', '广西省南宁市青秀区新竹路29号', '0771-88888888', '0771-99999999', '18697958887', 'financie2@gxjgjt.com', NULL, NULL, NULL, '0', '1', '1', '20170324', '20170324 102935', '1002', '广西建工集团有限责任公司', NULL, '1000924', '0')$$
REPLACE INTO `t_cust_operator` (`ID`, `C_NAME`, `C_IDENTTYPE`, `C_IDENTNO`, `D_VAILDDATE`, `C_SEX`, `C_ZIPCODE`, `C_ADDRESS`, `C_PHONE`, `C_FAXNO`, `C_MOBILENO`, `C_EMAIL`, `C_IDENT_CLASS`, `C_TRANS_BUSIN`, `C_REVOKE_BUSIN`, `C_DEFAULT`, `C_STATUS`, `C_LAST_STATUS`, `D_REGDATE`, `D_MODIDATE`, `C_CODE`, `C_OPERORG`, `L_CONTACTOR_SERIAL`, `C_RULE_LIST`, `C_CLERK`) VALUES (1002800, '结算中心经办员', '7', '888888888888888888', '20991231', '', '888888', '广西省南宁市兴宁区朝阳路49号', '0771-88888888', '0771-99999999', '18697958888', 'financie@gxjgjt.com', NULL, NULL, NULL, '0', '1', '1', '20170324', '20170324 101859', '1000', '广西建工集团有限责任公司', NULL, '1000924', '1')$$

REPLACE INTO `t_cust_operator_relation` (`ID`, `L_OPERNO`, `L_CUSTNO`, `C_STATUS`, `D_REGDATE`, `D_MODIDATE`, `C_OPERORG`) VALUES (1000849, 1002800, 100000000000001, '1', '20170325', '20170325 121947', '广西建工集团有限责任公司')$$
REPLACE INTO `t_cust_operator_relation` (`ID`, `L_OPERNO`, `L_CUSTNO`, `C_STATUS`, `D_REGDATE`, `D_MODIDATE`, `C_OPERORG`) VALUES (1000850, 1002801, 100000000000002, '1', '20170325', '20170325 121955', '广西建工集团有限责任公司')$$
REPLACE INTO `t_cust_operator_relation` (`ID`, `L_OPERNO`, `L_CUSTNO`, `C_STATUS`, `D_REGDATE`, `D_MODIDATE`, `C_OPERORG`) VALUES (1000851, 1002802, 100000000000003, '1', '20170325', '20170325 122003', '广西建工集团有限责任公司')$$
