##-- DML语句
##
##-- V2.1.0
##
##-- 融资申请2.3.1相关表  提交日期2017/6/16


###规则表
REPLACE INTO `t_rule_busin` (`C_NAME`, `C_EXECUTE_CONTENT`, `C_DESCRIPTION`, `C_STATUS`, `D_REGDATE`, `D_MODIDATE`, `ID`, `C_FUNC`, `C_ENTITY`) 
VALUES ('assetRegister', NULL, '新增资产登记', '1', '20170516', '20170516', 34100, 'IscfAssetRegisterService.webAddAssetRegister', 'com.betterjr.modules.loan.entity.ScfAssetRegister')$$
REPLACE INTO `t_rule_busin` (`C_NAME`, `C_TYPE`, `C_EXECUTE_CONTENT`, `C_DESCRIPTION`, `C_GROUP`, `C_ERRORINFO`, `C_STATUS`, `D_REGDATE`, `D_MODIDATE`, `ID`, `C_VERSION`, `C_FUNC`, `C_ENTITY`) VALUES ('addAssetCheck', NULL, NULL, '新增资产检查', NULL, NULL, '1', '20170418', '20170418', 34101, NULL, 'IscfAssetRegisterService.webAddAssetCheck', 'com.betterjr.modules.loan.entity.ScfAssetCheck')$$
REPLACE INTO `t_rule_busin` (`C_NAME`, `C_TYPE`, `C_EXECUTE_CONTENT`, `C_DESCRIPTION`, `C_GROUP`, `C_ERRORINFO`, `C_STATUS`, `D_REGDATE`, `D_MODIDATE`, `ID`, `C_VERSION`, `C_FUNC`, `C_ENTITY`) VALUES ('addRequestTemp', NULL, NULL, '保存融资申请临表', NULL, NULL, '1', '20170516', '20170516', 34102, NULL, 'IScfRequestTempService.webAddRequestTemp', 'com.betterjr.modules.loan.entity.ScfRequestTemp')$$
REPLACE INTO `t_rule_busin` (`C_NAME`, `C_TYPE`, `C_EXECUTE_CONTENT`, `C_DESCRIPTION`, `C_GROUP`, `C_ERRORINFO`, `C_STATUS`, `D_REGDATE`, `D_MODIDATE`, `ID`, `C_VERSION`, `C_FUNC`, `C_ENTITY`) VALUES ('saveModifyRequestTemp', NULL, NULL, '修改融资申请临表', NULL, NULL, '1', '20170516', '20170516', 34103, NULL, 'IScfRequestTempService.webSaveModifyRequestTemp', 'com.betterjr.modules.loan.entity.ScfRequestTemp')$$
REPLACE INTO `t_rule_busin` (`C_NAME`, `C_TYPE`, `C_EXECUTE_CONTENT`, `C_DESCRIPTION`, `C_GROUP`, `C_ERRORINFO`, `C_STATUS`, `D_REGDATE`, `D_MODIDATE`, `ID`, `C_VERSION`, `C_FUNC`, `C_ENTITY`) VALUES ('queryRequestTempList', NULL, NULL, '查询申请临表', NULL, NULL, '1', '20170516', '20170516', 34104, NULL, 'IScfRequestTempService.webQueryRequestTempList', 'java.util.HashMap')$$
REPLACE INTO `t_rule_busin` (`C_NAME`, `C_TYPE`, `C_EXECUTE_CONTENT`, `C_DESCRIPTION`, `C_GROUP`, `C_ERRORINFO`, `C_STATUS`, `D_REGDATE`, `D_MODIDATE`, `ID`, `C_VERSION`, `C_FUNC`, `C_ENTITY`) VALUES ('addScheme', NULL, NULL, '保存融资批复', NULL, NULL, '1', '20170608', '20170608', 34105, NULL, 'IScfRequestService.webAddScheme', 'com.betterjr.modules.loan.entity.ScfRequestScheme')$$



REPLACE INTO `t_rule_validator` (`C_SYS`, `C_VALID_NAME`, `C_SHOW_NAME`, `C_NAME`, `C_MUSTITEM`, `C_DATA_TYPE`, `N_DATA_LEN`, `N_DATA_SCALE`, `F_MAX`, `F_MIN`, `C_VALIDATOR`, `C_PATTERN`, `D_REGDATE`, `D_MODIDATE`, `C_DESCRIPTION`, `C_BUSIN_FIELD`, `C_DEPENDS`, `C_MESSAGE`, `C_REF_VALUE`) VALUES ('SCF', 'assetCode', '资产编号', 'assetCode', '0', 'C', 200, 0, NULL, NULL, 'NULL', '', NULL, NULL, NULL, NULL, NULL, NULL, NULL)$$
REPLACE INTO `t_rule_validator` (`C_SYS`, `C_VALID_NAME`, `C_SHOW_NAME`, `C_NAME`, `C_MUSTITEM`, `C_DATA_TYPE`, `N_DATA_LEN`, `N_DATA_SCALE`, `F_MAX`, `F_MIN`, `C_VALIDATOR`, `C_PATTERN`, `D_REGDATE`, `D_MODIDATE`, `C_DESCRIPTION`, `C_BUSIN_FIELD`, `C_DEPENDS`, `C_MESSAGE`, `C_REF_VALUE`) VALUES ('SCF', 'registerCustNo', '登记企业编号', 'registerCustNo', '0', 'C', 200, 0, NULL, NULL, 'NULL', '', NULL, NULL, NULL, NULL, NULL, NULL, NULL)$$
REPLACE INTO `t_rule_validator` (`C_SYS`, `C_VALID_NAME`, `C_SHOW_NAME`, `C_NAME`, `C_MUSTITEM`, `C_DATA_TYPE`, `N_DATA_LEN`, `N_DATA_SCALE`, `F_MAX`, `F_MIN`, `C_VALIDATOR`, `C_PATTERN`, `D_REGDATE`, `D_MODIDATE`, `C_DESCRIPTION`, `C_BUSIN_FIELD`, `C_DEPENDS`, `C_MESSAGE`, `C_REF_VALUE`) VALUES ('SCF', 'registerCustName', '登记企业名称', 'registerCustName', '0', 'C', 200, 0, NULL, NULL, 'NULL', '', NULL, NULL, NULL, NULL, NULL, NULL, NULL)$$
REPLACE INTO `t_rule_validator` (`C_SYS`, `C_VALID_NAME`, `C_SHOW_NAME`, `C_NAME`, `C_MUSTITEM`, `C_DATA_TYPE`, `N_DATA_LEN`, `N_DATA_SCALE`, `F_MAX`, `F_MIN`, `C_VALIDATOR`, `C_PATTERN`, `D_REGDATE`, `D_MODIDATE`, `C_DESCRIPTION`, `C_BUSIN_FIELD`, `C_DEPENDS`, `C_MESSAGE`, `C_REF_VALUE`) VALUES ('SCF', 'registrant', '登记人', 'registrant', '0', 'C', 200, 0, NULL, NULL, 'NULL', '', NULL, NULL, NULL, NULL, NULL, NULL, NULL)$$
REPLACE INTO `t_rule_validator` (`C_SYS`, `C_VALID_NAME`, `C_SHOW_NAME`, `C_NAME`, `C_MUSTITEM`, `C_DATA_TYPE`, `N_DATA_LEN`, `N_DATA_SCALE`, `F_MAX`, `F_MIN`, `C_VALIDATOR`, `C_PATTERN`, `D_REGDATE`, `D_MODIDATE`, `C_DESCRIPTION`, `C_BUSIN_FIELD`, `C_DEPENDS`, `C_MESSAGE`, `C_REF_VALUE`) VALUES ('SCF', 'zdwRegCode', '中征登记编号', 'zdwRegCode', '0', 'C', 200, 0, NULL, NULL, 'NULL', '', NULL, NULL, NULL, NULL, NULL, NULL, NULL)$$
REPLACE INTO `t_rule_validator` (`C_SYS`, `C_VALID_NAME`, `C_SHOW_NAME`, `C_NAME`, `C_MUSTITEM`, `C_DATA_TYPE`, `N_DATA_LEN`, `N_DATA_SCALE`, `F_MAX`, `F_MIN`, `C_VALIDATOR`, `C_PATTERN`, `D_REGDATE`, `D_MODIDATE`, `C_DESCRIPTION`, `C_BUSIN_FIELD`, `C_DEPENDS`, `C_MESSAGE`, `C_REF_VALUE`) VALUES ('SCF', 'zdwRegDate', '中征登记日期', 'zdwRegDate', '0', 'C', 200, 0, NULL, NULL, 'NULL', '', NULL, NULL, NULL, NULL, NULL, NULL, NULL)$$
REPLACE INTO `t_rule_validator` (`C_SYS`, `C_VALID_NAME`, `C_SHOW_NAME`, `C_NAME`, `C_MUSTITEM`, `C_DATA_TYPE`, `N_DATA_LEN`, `N_DATA_SCALE`, `F_MAX`, `F_MIN`, `C_VALIDATOR`, `C_PATTERN`, `D_REGDATE`, `D_MODIDATE`, `C_DESCRIPTION`, `C_BUSIN_FIELD`, `C_DEPENDS`, `C_MESSAGE`, `C_REF_VALUE`) VALUES ('SCF', 'zdwRegTime', '中征登记时间', 'zdwRegTime', '0', 'C', 200, 0, NULL, NULL, 'NULL', '', NULL, NULL, NULL, NULL, NULL, NULL, NULL)$$
REPLACE INTO `t_rule_validator` (`C_SYS`, `C_VALID_NAME`, `C_SHOW_NAME`, `C_NAME`, `C_MUSTITEM`, `C_DATA_TYPE`, `N_DATA_LEN`, `N_DATA_SCALE`, `F_MAX`, `F_MIN`, `C_VALIDATOR`, `C_PATTERN`, `D_REGDATE`, `D_MODIDATE`, `C_DESCRIPTION`, `C_BUSIN_FIELD`, `C_DEPENDS`, `C_MESSAGE`, `C_REF_VALUE`) VALUES ('SCF', 'checkResult', '检查结果', 'checkResult', '0', 'C', 200, 0, NULL, NULL, 'NULL', '', NULL, NULL, NULL, NULL, NULL, NULL, NULL)$$
REPLACE INTO `t_rule_validator` (`C_SYS`, `C_VALID_NAME`, `C_SHOW_NAME`, `C_NAME`, `C_MUSTITEM`, `C_DATA_TYPE`, `N_DATA_LEN`, `N_DATA_SCALE`, `F_MAX`, `F_MIN`, `C_VALIDATOR`, `C_PATTERN`, `D_REGDATE`, `D_MODIDATE`, `C_DESCRIPTION`, `C_BUSIN_FIELD`, `C_DEPENDS`, `C_MESSAGE`, `C_REF_VALUE`) VALUES ('SCF', 'checkDate', '检查日期', 'checkDate', '0', 'C', 200, 0, NULL, NULL, 'NULL', '', NULL, NULL, NULL, NULL, NULL, NULL, NULL)$$
REPLACE INTO `t_rule_validator` (`C_SYS`, `C_VALID_NAME`, `C_SHOW_NAME`, `C_NAME`, `C_MUSTITEM`, `C_DATA_TYPE`, `N_DATA_LEN`, `N_DATA_SCALE`, `C_VALIDATOR`, `C_PATTERN`) VALUES ('SCF', 'extensionRatio', '展期利率', 'extensionRatio', '0', 'C', 200, 0, 'NULL', '')$$
REPLACE INTO `t_rule_validator` (`C_SYS`, `C_VALID_NAME`, `C_SHOW_NAME`, `C_NAME`, `C_MUSTITEM`, `C_DATA_TYPE`, `N_DATA_LEN`, `N_DATA_SCALE`, `C_VALIDATOR`, `C_PATTERN`) VALUES ('SCF', 'overdueRatio', '逾期利率', 'overdueRatio', '0', 'C', 200, 0, 'NULL', '')$$


REPLACE INTO `t_rule_busin_validator` (`ID`, `C_BUSIN_NAME`, `C_VALID_NAME`, `N_PRIORITY`, `C_STATUS`) VALUES (34200, 'assetRegister', 'batchNo', 1, '1')$$
REPLACE INTO `t_rule_busin_validator` (`ID`, `C_BUSIN_NAME`, `C_VALID_NAME`, `N_PRIORITY`, `C_STATUS`) VALUES (34201, 'assetRegister', 'requestNo', 1, '1')$$
REPLACE INTO `t_rule_busin_validator` (`ID`, `C_BUSIN_NAME`, `C_VALID_NAME`, `N_PRIORITY`, `C_STATUS`) VALUES (34202, 'assetRegister', 'assetCode', 1, '1')$$
REPLACE INTO `t_rule_busin_validator` (`ID`, `C_BUSIN_NAME`, `C_VALID_NAME`, `N_PRIORITY`, `C_STATUS`) VALUES (34203, 'assetRegister', 'registerCustNo', 1, '1')$$
REPLACE INTO `t_rule_busin_validator` (`ID`, `C_BUSIN_NAME`, `C_VALID_NAME`, `N_PRIORITY`, `C_STATUS`) VALUES (34204, 'assetRegister', 'registerCustName', 1, '1')$$
REPLACE INTO `t_rule_busin_validator` (`ID`, `C_BUSIN_NAME`, `C_VALID_NAME`, `N_PRIORITY`, `C_STATUS`) VALUES (34205, 'assetRegister', 'registrant', 1, '1')$$
REPLACE INTO `t_rule_busin_validator` (`ID`, `C_BUSIN_NAME`, `C_VALID_NAME`, `N_PRIORITY`, `C_STATUS`) VALUES (34206, 'assetRegister', 'zdwRegCode', 1, '1')$$
REPLACE INTO `t_rule_busin_validator` (`ID`, `C_BUSIN_NAME`, `C_VALID_NAME`, `N_PRIORITY`, `C_STATUS`) VALUES (34207, 'assetRegister', 'zdwRegDate', 1, '1')$$
REPLACE INTO `t_rule_busin_validator` (`ID`, `C_BUSIN_NAME`, `C_VALID_NAME`, `N_PRIORITY`, `C_STATUS`) VALUES (34208, 'assetRegister', 'zdwRegTime', 1, '1')$$

REPLACE INTO `t_rule_busin_validator` (`ID`, `C_BUSIN_NAME`, `C_VALID_NAME`, `N_PRIORITY`, `C_STATUS`, `D_REGDATE`, `D_MODIDATE`, `C_SHOW_NAME`, `C_NAME`, `C_MUSTITEM`) VALUES (34210, 'addAssetCheck', 'batchNo', 1, '1', NULL, NULL, NULL, NULL, NULL)$$
REPLACE INTO `t_rule_busin_validator` (`ID`, `C_BUSIN_NAME`, `C_VALID_NAME`, `N_PRIORITY`, `C_STATUS`, `D_REGDATE`, `D_MODIDATE`, `C_SHOW_NAME`, `C_NAME`, `C_MUSTITEM`) VALUES (34211, 'addAssetCheck', 'requestNo', 1, '1', NULL, NULL, NULL, NULL, NULL)$$
REPLACE INTO `t_rule_busin_validator` (`ID`, `C_BUSIN_NAME`, `C_VALID_NAME`, `N_PRIORITY`, `C_STATUS`, `D_REGDATE`, `D_MODIDATE`, `C_SHOW_NAME`, `C_NAME`, `C_MUSTITEM`) VALUES (34212, 'addAssetCheck', 'assetCode', 1, '1', NULL, NULL, NULL, NULL, NULL)$$
REPLACE INTO `t_rule_busin_validator` (`ID`, `C_BUSIN_NAME`, `C_VALID_NAME`, `N_PRIORITY`, `C_STATUS`, `D_REGDATE`, `D_MODIDATE`, `C_SHOW_NAME`, `C_NAME`, `C_MUSTITEM`) VALUES (34213, 'addAssetCheck', 'checker', 1, '1', NULL, NULL, NULL, NULL, NULL)$$
REPLACE INTO `t_rule_busin_validator` (`ID`, `C_BUSIN_NAME`, `C_VALID_NAME`, `N_PRIORITY`, `C_STATUS`, `D_REGDATE`, `D_MODIDATE`, `C_SHOW_NAME`, `C_NAME`, `C_MUSTITEM`) VALUES (34214, 'addAssetCheck', 'checkDate', 1, '1', NULL, NULL, NULL, NULL, NULL)$$
REPLACE INTO `t_rule_busin_validator` (`ID`, `C_BUSIN_NAME`, `C_VALID_NAME`, `N_PRIORITY`, `C_STATUS`, `D_REGDATE`, `D_MODIDATE`, `C_SHOW_NAME`, `C_NAME`, `C_MUSTITEM`) VALUES (34215, 'addAssetCheck', 'checkResult', 1, '1', NULL, NULL, NULL, NULL, NULL)$$
REPLACE INTO `t_rule_busin_validator` (`ID`, `C_BUSIN_NAME`, `C_VALID_NAME`, `N_PRIORITY`, `C_STATUS`, `D_REGDATE`, `D_MODIDATE`, `C_SHOW_NAME`, `C_NAME`, `C_MUSTITEM`) VALUES (34216, 'addAssetCheck', 'zdwRegCode', 1, '1', NULL, NULL, NULL, NULL, NULL)$$
REPLACE INTO `t_rule_busin_validator` (`ID`, `C_BUSIN_NAME`, `C_VALID_NAME`, `N_PRIORITY`, `C_STATUS`, `D_REGDATE`, `D_MODIDATE`, `C_SHOW_NAME`, `C_NAME`, `C_MUSTITEM`) VALUES (34217, 'addAssetCheck', 'zdwRegDate', 1, '1', NULL, NULL, NULL, NULL, NULL)$$
REPLACE INTO `t_rule_busin_validator` (`ID`, `C_BUSIN_NAME`, `C_VALID_NAME`, `N_PRIORITY`, `C_STATUS`, `D_REGDATE`, `D_MODIDATE`, `C_SHOW_NAME`, `C_NAME`, `C_MUSTITEM`) VALUES (34218, 'addAssetCheck', 'zdwRegTime', 1, '1', NULL, NULL, NULL, NULL, NULL)$$
REPLACE INTO `t_rule_busin_validator` (`ID`, `C_BUSIN_NAME`, `C_VALID_NAME`, `N_PRIORITY`, `C_STATUS`, `D_REGDATE`, `D_MODIDATE`, `C_SHOW_NAME`, `C_NAME`, `C_MUSTITEM`) VALUES (34300, 'addRequestTemp', 'requestNo', 1, '1', NULL, NULL, NULL, NULL, NULL)$$
REPLACE INTO `t_rule_busin_validator` (`ID`, `C_BUSIN_NAME`, `C_VALID_NAME`, `N_PRIORITY`, `C_STATUS`, `D_REGDATE`, `D_MODIDATE`, `C_SHOW_NAME`, `C_NAME`, `C_MUSTITEM`) VALUES (34301, 'addRequestTemp', 'custNo', 1, '1', NULL, NULL, NULL, NULL, NULL)$$
REPLACE INTO `t_rule_busin_validator` (`ID`, `C_BUSIN_NAME`, `C_VALID_NAME`, `N_PRIORITY`, `C_STATUS`, `D_REGDATE`, `D_MODIDATE`, `C_SHOW_NAME`, `C_NAME`, `C_MUSTITEM`) VALUES (34302, 'addRequestTemp', 'factorNo', 1, '1', NULL, NULL, NULL, NULL, NULL)$$
REPLACE INTO `t_rule_busin_validator` (`ID`, `C_BUSIN_NAME`, `C_VALID_NAME`, `N_PRIORITY`, `C_STATUS`, `D_REGDATE`, `D_MODIDATE`, `C_SHOW_NAME`, `C_NAME`, `C_MUSTITEM`) VALUES (34303, 'addRequestTemp', 'coreCustNo', 1, '1', NULL, NULL, NULL, NULL, NULL)$$
REPLACE INTO `t_rule_busin_validator` (`ID`, `C_BUSIN_NAME`, `C_VALID_NAME`, `N_PRIORITY`, `C_STATUS`, `D_REGDATE`, `D_MODIDATE`, `C_SHOW_NAME`, `C_NAME`, `C_MUSTITEM`) VALUES (34304, 'addRequestTemp', 'requestType', 1, '1', NULL, NULL, NULL, NULL, NULL)$$
REPLACE INTO `t_rule_busin_validator` (`ID`, `C_BUSIN_NAME`, `C_VALID_NAME`, `N_PRIORITY`, `C_STATUS`, `D_REGDATE`, `D_MODIDATE`, `C_SHOW_NAME`, `C_NAME`, `C_MUSTITEM`) VALUES (34305, 'addRequestTemp', 'balance', 1, '1', NULL, NULL, NULL, NULL, NULL)$$
REPLACE INTO `t_rule_busin_validator` (`ID`, `C_BUSIN_NAME`, `C_VALID_NAME`, `N_PRIORITY`, `C_STATUS`, `D_REGDATE`, `D_MODIDATE`, `C_SHOW_NAME`, `C_NAME`, `C_MUSTITEM`) VALUES (34306, 'addRequestTemp', 'scfdev', 1, '1', NULL, NULL, NULL, NULL, NULL)$$
REPLACE INTO `t_rule_busin_validator` (`ID`, `C_BUSIN_NAME`, `C_VALID_NAME`, `N_PRIORITY`, `C_STATUS`, `D_REGDATE`, `D_MODIDATE`, `C_SHOW_NAME`, `C_NAME`, `C_MUSTITEM`) VALUES (34307, 'addRequestTemp', 'creditMode', 1, '1', NULL, NULL, NULL, NULL, NULL)$$
REPLACE INTO `t_rule_busin_validator` (`ID`, `C_BUSIN_NAME`, `C_VALID_NAME`, `N_PRIORITY`, `C_STATUS`, `D_REGDATE`, `D_MODIDATE`, `C_SHOW_NAME`, `C_NAME`, `C_MUSTITEM`) VALUES (34308, 'addRequestTemp', 'loanBalance', 1, '1', NULL, NULL, NULL, NULL, NULL)$$
REPLACE INTO `t_rule_busin_validator` (`ID`, `C_BUSIN_NAME`, `C_VALID_NAME`, `N_PRIORITY`, `C_STATUS`, `D_REGDATE`, `D_MODIDATE`, `C_SHOW_NAME`, `C_NAME`, `C_MUSTITEM`) VALUES (34309, 'addRequestTemp', 'actualDate', 1, '1', NULL, NULL, NULL, NULL, NULL)$$
REPLACE INTO `t_rule_busin_validator` (`ID`, `C_BUSIN_NAME`, `C_VALID_NAME`, `N_PRIORITY`, `C_STATUS`, `D_REGDATE`, `D_MODIDATE`, `C_SHOW_NAME`, `C_NAME`, `C_MUSTITEM`) VALUES (34311, 'addRequestTemp', 'endDate', 1, '1', NULL, NULL, NULL, NULL, NULL)$$
REPLACE INTO `t_rule_busin_validator` (`ID`, `C_BUSIN_NAME`, `C_VALID_NAME`, `N_PRIORITY`, `C_STATUS`, `D_REGDATE`, `D_MODIDATE`, `C_SHOW_NAME`, `C_NAME`, `C_MUSTITEM`) VALUES (34312, 'addRequestTemp', 'period', 1, '1', NULL, NULL, NULL, NULL, NULL)$$
REPLACE INTO `t_rule_busin_validator` (`ID`, `C_BUSIN_NAME`, `C_VALID_NAME`, `N_PRIORITY`, `C_STATUS`, `D_REGDATE`, `D_MODIDATE`, `C_SHOW_NAME`, `C_NAME`, `C_MUSTITEM`) VALUES (34313, 'addRequestTemp', 'productCode', 1, '1', NULL, NULL, NULL, NULL, NULL)$$
REPLACE INTO `t_rule_busin_validator` (`ID`, `C_BUSIN_NAME`, `C_VALID_NAME`, `N_PRIORITY`, `C_STATUS`, `D_REGDATE`, `D_MODIDATE`, `C_SHOW_NAME`, `C_NAME`, `C_MUSTITEM`) VALUES (34314, 'addRequestTemp', 'orders', 1, '1', NULL, NULL, NULL, NULL, NULL)$$
REPLACE INTO `t_rule_busin_validator` (`ID`, `C_BUSIN_NAME`, `C_VALID_NAME`, `N_PRIORITY`, `C_STATUS`, `D_REGDATE`, `D_MODIDATE`, `C_SHOW_NAME`, `C_NAME`, `C_MUSTITEM`) VALUES (34315, 'addRequestTemp', 'periodUnit', 1, '1', NULL, NULL, NULL, NULL, NULL)$$
REPLACE INTO `t_rule_busin_validator` (`ID`, `C_BUSIN_NAME`, `C_VALID_NAME`, `N_PRIORITY`, `C_STATUS`, `D_REGDATE`, `D_MODIDATE`, `C_SHOW_NAME`, `C_NAME`, `C_MUSTITEM`) VALUES (34316, 'addRequestTemp', 'offerId', 1, '1', NULL, NULL, NULL, NULL, NULL)$$
REPLACE INTO `t_rule_busin_validator` (`ID`, `C_BUSIN_NAME`, `C_VALID_NAME`, `N_PRIORITY`, `C_STATUS`, `D_REGDATE`, `D_MODIDATE`, `C_SHOW_NAME`, `C_NAME`, `C_MUSTITEM`) VALUES (34317, 'addRequestTemp', 'requestFrom', 1, '1', NULL, NULL, NULL, NULL, NULL)$$
REPLACE INTO `t_rule_busin_validator` (`ID`, `C_BUSIN_NAME`, `C_VALID_NAME`, `N_PRIORITY`, `C_STATUS`, `D_REGDATE`, `D_MODIDATE`, `C_SHOW_NAME`, `C_NAME`, `C_MUSTITEM`) VALUES (34318, 'addRequestTemp', 'suppBankAccount', 1, '1', NULL, NULL, NULL, NULL, NULL)$$
REPLACE INTO `t_rule_busin_validator` (`ID`, `C_BUSIN_NAME`, `C_VALID_NAME`, `N_PRIORITY`, `C_STATUS`, `D_REGDATE`, `D_MODIDATE`, `C_SHOW_NAME`, `C_NAME`, `C_MUSTITEM`) VALUES (34320, 'saveModifyRequestTemp', 'requestNo', 1, '1', NULL, NULL, NULL, NULL, NULL)$$
REPLACE INTO `t_rule_busin_validator` (`ID`, `C_BUSIN_NAME`, `C_VALID_NAME`, `N_PRIORITY`, `C_STATUS`, `D_REGDATE`, `D_MODIDATE`, `C_SHOW_NAME`, `C_NAME`, `C_MUSTITEM`) VALUES (34321, 'saveModifyRequestTemp', 'custNo', 1, '1', NULL, NULL, NULL, NULL, NULL)$$
REPLACE INTO `t_rule_busin_validator` (`ID`, `C_BUSIN_NAME`, `C_VALID_NAME`, `N_PRIORITY`, `C_STATUS`, `D_REGDATE`, `D_MODIDATE`, `C_SHOW_NAME`, `C_NAME`, `C_MUSTITEM`) VALUES (34322, 'saveModifyRequestTemp', 'factorNo', 1, '1', NULL, NULL, NULL, NULL, NULL)$$
REPLACE INTO `t_rule_busin_validator` (`ID`, `C_BUSIN_NAME`, `C_VALID_NAME`, `N_PRIORITY`, `C_STATUS`, `D_REGDATE`, `D_MODIDATE`, `C_SHOW_NAME`, `C_NAME`, `C_MUSTITEM`) VALUES (34323, 'saveModifyRequestTemp', 'coreCustNo', 1, '1', NULL, NULL, NULL, NULL, NULL)$$
REPLACE INTO `t_rule_busin_validator` (`ID`, `C_BUSIN_NAME`, `C_VALID_NAME`, `N_PRIORITY`, `C_STATUS`, `D_REGDATE`, `D_MODIDATE`, `C_SHOW_NAME`, `C_NAME`, `C_MUSTITEM`) VALUES (34324, 'saveModifyRequestTemp', 'requestType', 1, '1', NULL, NULL, NULL, NULL, NULL)$$
REPLACE INTO `t_rule_busin_validator` (`ID`, `C_BUSIN_NAME`, `C_VALID_NAME`, `N_PRIORITY`, `C_STATUS`, `D_REGDATE`, `D_MODIDATE`, `C_SHOW_NAME`, `C_NAME`, `C_MUSTITEM`) VALUES (34325, 'saveModifyRequestTemp', 'balance', 1, '1', NULL, NULL, NULL, NULL, NULL)$$
REPLACE INTO `t_rule_busin_validator` (`ID`, `C_BUSIN_NAME`, `C_VALID_NAME`, `N_PRIORITY`, `C_STATUS`, `D_REGDATE`, `D_MODIDATE`, `C_SHOW_NAME`, `C_NAME`, `C_MUSTITEM`) VALUES (34326, 'saveModifyRequestTemp', 'scfdev', 1, '1', NULL, NULL, NULL, NULL, NULL)$$
REPLACE INTO `t_rule_busin_validator` (`ID`, `C_BUSIN_NAME`, `C_VALID_NAME`, `N_PRIORITY`, `C_STATUS`, `D_REGDATE`, `D_MODIDATE`, `C_SHOW_NAME`, `C_NAME`, `C_MUSTITEM`) VALUES (34327, 'saveModifyRequestTemp', 'creditMode', 1, '1', NULL, NULL, NULL, NULL, NULL)$$
REPLACE INTO `t_rule_busin_validator` (`ID`, `C_BUSIN_NAME`, `C_VALID_NAME`, `N_PRIORITY`, `C_STATUS`, `D_REGDATE`, `D_MODIDATE`, `C_SHOW_NAME`, `C_NAME`, `C_MUSTITEM`) VALUES (34328, 'saveModifyRequestTemp', 'loanBalance', 1, '1', NULL, NULL, NULL, NULL, NULL)$$
REPLACE INTO `t_rule_busin_validator` (`ID`, `C_BUSIN_NAME`, `C_VALID_NAME`, `N_PRIORITY`, `C_STATUS`, `D_REGDATE`, `D_MODIDATE`, `C_SHOW_NAME`, `C_NAME`, `C_MUSTITEM`) VALUES (34329, 'saveModifyRequestTemp', 'actualDate', 1, '1', NULL, NULL, NULL, NULL, NULL)$$
REPLACE INTO `t_rule_busin_validator` (`ID`, `C_BUSIN_NAME`, `C_VALID_NAME`, `N_PRIORITY`, `C_STATUS`, `D_REGDATE`, `D_MODIDATE`, `C_SHOW_NAME`, `C_NAME`, `C_MUSTITEM`) VALUES (34331, 'saveModifyRequestTemp', 'endDate', 1, '1', NULL, NULL, NULL, NULL, NULL)$$
REPLACE INTO `t_rule_busin_validator` (`ID`, `C_BUSIN_NAME`, `C_VALID_NAME`, `N_PRIORITY`, `C_STATUS`, `D_REGDATE`, `D_MODIDATE`, `C_SHOW_NAME`, `C_NAME`, `C_MUSTITEM`) VALUES (34332, 'saveModifyRequestTemp', 'period', 1, '1', NULL, NULL, NULL, NULL, NULL)$$
REPLACE INTO `t_rule_busin_validator` (`ID`, `C_BUSIN_NAME`, `C_VALID_NAME`, `N_PRIORITY`, `C_STATUS`, `D_REGDATE`, `D_MODIDATE`, `C_SHOW_NAME`, `C_NAME`, `C_MUSTITEM`) VALUES (34333, 'saveModifyRequestTemp', 'productCode', 1, '1', NULL, NULL, NULL, NULL, NULL)$$
REPLACE INTO `t_rule_busin_validator` (`ID`, `C_BUSIN_NAME`, `C_VALID_NAME`, `N_PRIORITY`, `C_STATUS`, `D_REGDATE`, `D_MODIDATE`, `C_SHOW_NAME`, `C_NAME`, `C_MUSTITEM`) VALUES (34334, 'saveModifyRequestTemp', 'orders', 1, '1', NULL, NULL, NULL, NULL, NULL)$$
REPLACE INTO `t_rule_busin_validator` (`ID`, `C_BUSIN_NAME`, `C_VALID_NAME`, `N_PRIORITY`, `C_STATUS`, `D_REGDATE`, `D_MODIDATE`, `C_SHOW_NAME`, `C_NAME`, `C_MUSTITEM`) VALUES (34335, 'saveModifyRequestTemp', 'periodUnit', 1, '1', NULL, NULL, NULL, NULL, NULL)$$
REPLACE INTO `t_rule_busin_validator` (`ID`, `C_BUSIN_NAME`, `C_VALID_NAME`, `N_PRIORITY`, `C_STATUS`, `D_REGDATE`, `D_MODIDATE`, `C_SHOW_NAME`, `C_NAME`, `C_MUSTITEM`) VALUES (34336, 'saveModifyRequestTemp', 'offerId', 1, '1', NULL, NULL, NULL, NULL, NULL)$$
REPLACE INTO `t_rule_busin_validator` (`ID`, `C_BUSIN_NAME`, `C_VALID_NAME`, `N_PRIORITY`, `C_STATUS`, `D_REGDATE`, `D_MODIDATE`, `C_SHOW_NAME`, `C_NAME`, `C_MUSTITEM`) VALUES (34337, 'saveModifyRequestTemp', 'requestFrom', 1, '1', NULL, NULL, NULL, NULL, NULL)$$
REPLACE INTO `t_rule_busin_validator` (`ID`, `C_BUSIN_NAME`, `C_VALID_NAME`, `N_PRIORITY`, `C_STATUS`, `D_REGDATE`, `D_MODIDATE`, `C_SHOW_NAME`, `C_NAME`, `C_MUSTITEM`) VALUES (34338, 'saveModifyRequestTemp', 'suppBankAccount', 1, '1', NULL, NULL, NULL, NULL, NULL)$$
REPLACE INTO `t_rule_busin_validator` (`ID`, `C_BUSIN_NAME`, `C_VALID_NAME`, `N_PRIORITY`, `C_STATUS`, `D_REGDATE`, `D_MODIDATE`, `C_SHOW_NAME`, `C_NAME`, `C_MUSTITEM`) VALUES (34339, 'queryRequestTempList', 'factorNo', 1, '1', NULL, NULL, NULL, NULL, NULL)$$
REPLACE INTO `t_rule_busin_validator` (`ID`, `C_BUSIN_NAME`, `C_VALID_NAME`, `N_PRIORITY`, `C_STATUS`, `D_REGDATE`, `D_MODIDATE`, `C_SHOW_NAME`, `C_NAME`, `C_MUSTITEM`) VALUES (34340, 'queryRequestTempList', 'requestNo', 1, '1', NULL, NULL, NULL, NULL, NULL)$$
REPLACE INTO `t_rule_busin_validator` (`ID`, `C_BUSIN_NAME`, `C_VALID_NAME`, `N_PRIORITY`, `C_STATUS`, `D_REGDATE`, `D_MODIDATE`, `C_SHOW_NAME`, `C_NAME`, `C_MUSTITEM`) VALUES (34341, 'queryRequestTempList', 'GTEregDate', 1, '1', NULL, NULL, NULL, NULL, NULL)$$
REPLACE INTO `t_rule_busin_validator` (`ID`, `C_BUSIN_NAME`, `C_VALID_NAME`, `N_PRIORITY`, `C_STATUS`, `D_REGDATE`, `D_MODIDATE`, `C_SHOW_NAME`, `C_NAME`, `C_MUSTITEM`) VALUES (34342, 'queryRequestTempList', 'LTEregDate', 1, '1', NULL, NULL, NULL, NULL, NULL)$$
REPLACE INTO `t_rule_busin_validator` (`ID`, `C_BUSIN_NAME`, `C_VALID_NAME`, `N_PRIORITY`, `C_STATUS`, `D_REGDATE`, `D_MODIDATE`, `C_SHOW_NAME`, `C_NAME`, `C_MUSTITEM`) VALUES (34343, 'queryRequestTempList', 'custNo', 1, '1', NULL, NULL, NULL, NULL, NULL)$$
REPLACE INTO `t_rule_busin_validator` (`ID`, `C_BUSIN_NAME`, `C_VALID_NAME`, `N_PRIORITY`, `C_STATUS`, `D_REGDATE`, `D_MODIDATE`, `C_SHOW_NAME`, `C_NAME`, `C_MUSTITEM`) VALUES (34344, 'saveModifyRequestTemp', 'businStatus', 1, '1', NULL, NULL, NULL, NULL, NULL)$$
REPLACE INTO `t_rule_busin_validator` (`ID`, `C_BUSIN_NAME`, `C_VALID_NAME`, `N_PRIORITY`, `C_STATUS`, `D_REGDATE`, `D_MODIDATE`, `C_SHOW_NAME`, `C_NAME`, `C_MUSTITEM`) VALUES (34345, 'queryRequestTempList', 'requestNo', 1, '1', NULL, NULL, NULL, NULL, NULL)$$
REPLACE INTO `t_rule_busin_validator` (`ID`, `C_BUSIN_NAME`, `C_VALID_NAME`, `N_PRIORITY`, `C_STATUS`, `D_REGDATE`, `D_MODIDATE`, `C_SHOW_NAME`, `C_NAME`, `C_MUSTITEM`) VALUES (34346, 'addRequestTemp', 'description', 1, '1', NULL, NULL, NULL, NULL, NULL)$$
REPLACE INTO `t_rule_busin_validator` (`ID`, `C_BUSIN_NAME`, `C_VALID_NAME`, `N_PRIORITY`, `C_STATUS`, `D_REGDATE`, `D_MODIDATE`, `C_SHOW_NAME`, `C_NAME`, `C_MUSTITEM`) VALUES (34347, 'addScheme', 'requestNo', 1, '1', NULL, NULL, NULL, NULL, NULL)$$
REPLACE INTO `t_rule_busin_validator` (`ID`, `C_BUSIN_NAME`, `C_VALID_NAME`, `N_PRIORITY`, `C_STATUS`, `D_REGDATE`, `D_MODIDATE`, `C_SHOW_NAME`, `C_NAME`, `C_MUSTITEM`) VALUES (34348, 'addScheme', 'approvedBalance', 1, '1', NULL, NULL, NULL, NULL, NULL)$$
REPLACE INTO `t_rule_busin_validator` (`ID`, `C_BUSIN_NAME`, `C_VALID_NAME`, `N_PRIORITY`, `C_STATUS`, `D_REGDATE`, `D_MODIDATE`, `C_SHOW_NAME`, `C_NAME`, `C_MUSTITEM`) VALUES (34349, 'addScheme', 'approvedRatio', 1, '1', NULL, NULL, NULL, NULL, NULL)$$
REPLACE INTO `t_rule_busin_validator` (`ID`, `C_BUSIN_NAME`, `C_VALID_NAME`, `N_PRIORITY`, `C_STATUS`, `D_REGDATE`, `D_MODIDATE`, `C_SHOW_NAME`, `C_NAME`, `C_MUSTITEM`) VALUES (34350, 'addScheme', 'extensionRatio', 1, '1', NULL, NULL, NULL, NULL, NULL)$$
REPLACE INTO `t_rule_busin_validator` (`ID`, `C_BUSIN_NAME`, `C_VALID_NAME`, `N_PRIORITY`, `C_STATUS`, `D_REGDATE`, `D_MODIDATE`, `C_SHOW_NAME`, `C_NAME`, `C_MUSTITEM`) VALUES (34351, 'addScheme', 'overdueRatio', 1, '1', NULL, NULL, NULL, NULL, NULL)$$
REPLACE INTO `t_rule_busin_validator` (`ID`, `C_BUSIN_NAME`, `C_VALID_NAME`, `N_PRIORITY`, `C_STATUS`, `D_REGDATE`, `D_MODIDATE`, `C_SHOW_NAME`, `C_NAME`, `C_MUSTITEM`) VALUES (34352, 'addScheme', 'approvedPeriod', 1, '1', NULL, NULL, NULL, NULL, NULL)$$
REPLACE INTO `t_rule_busin_validator` (`ID`, `C_BUSIN_NAME`, `C_VALID_NAME`, `N_PRIORITY`, `C_STATUS`, `D_REGDATE`, `D_MODIDATE`, `C_SHOW_NAME`, `C_NAME`, `C_MUSTITEM`) VALUES (34353, 'addScheme', 'approvedPeriodUnit', 1, '1', NULL, NULL, NULL, NULL, NULL)$$

REPLACE INTO t_rule_busin_validator (`ID`, `C_BUSIN_NAME`, `C_VALID_NAME`, `N_PRIORITY`, `C_STATUS`) VALUES (34354, 'addScheme', 'extensionRatio', 1, '1')$$
REPLACE INTO t_rule_busin_validator (`ID`, `C_BUSIN_NAME`, `C_VALID_NAME`, `N_PRIORITY`, `C_STATUS`) VALUES (34355, 'addScheme', 'overdueRatio', 1, '1')$$

###——————ID生成——###########################
REPLACE INTO `t_cfg_snogeneral` (`C_OPERTYPE`, `L_LASTNO`, `C_SYSNO`, `C_TYPE`, `L_DATA_LEN`, `ID`) VALUES ('ScfAssetRegister.id', 30345, 'SCF', '0', 10, 30009)$$
REPLACE INTO `t_cfg_snogeneral` (`C_OPERTYPE`, `L_LASTNO`, `D_LASTDATE`, `C_SYSNO`, `C_TYPE`, `C_MSG`, `L_DATA_LEN`, `ID`) VALUES ('ScfAssetCheck.id', 30354, NULL, 'SCF', '0', NULL, 10, 30010)$$
REPLACE INTO `t_cfg_snogeneral` (`C_OPERTYPE`, `L_LASTNO`, `D_LASTDATE`, `C_SYSNO`, `C_TYPE`, `C_MSG`, `L_DATA_LEN`, `ID`) VALUES ('ScfRequestTemp.id', 30350, NULL, 'SCF', '0', NULL, 10, 30011)$$
REPLACE INTO `t_cfg_snogeneral` (`C_OPERTYPE`, `L_LASTNO`, `D_LASTDATE`, `C_SYSNO`, `C_TYPE`, `C_MSG`, `L_DATA_LEN`, `ID`) VALUES ('ScfSignAgreementRelation.id', 30348, NULL, 'SCF', '0', NULL, 10, 30012)$$




###——————流程配置——###########################
INSERT INTO `t_sys_wf_base` (`ID`, `L_CATEGORY_ID`, `C_NAME`, `C_NICKNAME`, `C_OPERROLE`, `C_OPERORG`, `L_CUSTNO`, `C_CUSTNAME`, `C_HANDLER`, `C_FORM`, `C_WECHAT_FORM`, `N_VERSION`, `C_IS_LATEST`, `C_IS_PUBLISHED`, `C_IS_DEFAULT`, `C_IS_DISABLED`, `C_IS_SUBPROCESS`, `C_PROCESS_ID`, `C_MONEY_VARIABLE`, `L_REG_OPERID`, `C_REG_OPERNAME`, `D_REG_DATE`, `T_REG_TIME`, `L_MODI_OPERID`, `C_MODI_OPERNAME`, `D_MODI_DATE`, `T_MODI_TIME`, `C_BUSIN_STATUS`, `C_LAST_STATUS`) VALUES (-54000, 2, '应收账款确认贸易背景子流程', '应收账款贸易背景确认子流程', 'CORE_USER', 'DEFAULT', 0, 'DEFAULT', '', '/flow/supplierFinance/detail', '/finance/detail', 0, '0', '0', '1', '0', '1', 'DEFAULT', 'balance', 0, NULL, '20170518', NULL, NULL, NULL, '20161118', NULL, NULL, NULL)$$
INSERT INTO `t_sys_wf_base` (`ID`, `L_CATEGORY_ID`, `C_NAME`, `C_NICKNAME`, `C_OPERROLE`, `C_OPERORG`, `L_CUSTNO`, `C_CUSTNAME`, `C_HANDLER`, `C_FORM`, `C_WECHAT_FORM`, `N_VERSION`, `C_IS_LATEST`, `C_IS_PUBLISHED`, `C_IS_DEFAULT`, `C_IS_DISABLED`, `C_IS_SUBPROCESS`, `C_PROCESS_ID`, `C_MONEY_VARIABLE`, `L_REG_OPERID`, `C_REG_OPERNAME`, `D_REG_DATE`, `T_REG_TIME`, `L_MODI_OPERID`, `C_MODI_OPERNAME`, `D_MODI_DATE`, `T_MODI_TIME`, `C_BUSIN_STATUS`, `C_LAST_STATUS`) VALUES (-53000, 2, '应收账款确认融资方案子流程', '应收账款确认融资方案子流程', 'SUPPLIER_USER', 'DEFAULT', 0, 'DEFAULT', '', '/flow/supplierFinance/detail', '/finance/detail', 0, '0', '0', '1', '0', '1', 'DEFAULT', 'balance', 0, NULL, '20170518', NULL, NULL, NULL, '20161118', NULL, NULL, NULL)$$
INSERT INTO `t_sys_wf_base` (`ID`, `L_CATEGORY_ID`, `C_NAME`, `C_NICKNAME`, `C_OPERROLE`, `C_OPERORG`, `L_CUSTNO`, `C_CUSTNAME`, `C_HANDLER`, `C_FORM`, `C_WECHAT_FORM`, `N_VERSION`, `C_IS_LATEST`, `C_IS_PUBLISHED`, `C_IS_DEFAULT`, `C_IS_DISABLED`, `C_IS_SUBPROCESS`, `C_PROCESS_ID`, `C_MONEY_VARIABLE`, `L_REG_OPERID`, `C_REG_OPERNAME`, `D_REG_DATE`, `T_REG_TIME`, `L_MODI_OPERID`, `C_MODI_OPERNAME`, `D_MODI_DATE`, `T_MODI_TIME`, `C_BUSIN_STATUS`, `C_LAST_STATUS`) VALUES (-52000, 2, '应收账款融资申请子流程', '应收账款申请子流程', 'SUPPLIER_USER', 'DEFAULT', 0, 'DEFAULT', '', '/flow/supplierFinance/detail', '/finance/detail', 0, '0', '0', '1', '0', '1', 'DEFAULT', 'balance', 0, NULL, '20170518', NULL, NULL, NULL, '20161118', NULL, NULL, NULL)$$
INSERT INTO `t_sys_wf_base` (`ID`, `L_CATEGORY_ID`, `C_NAME`, `C_NICKNAME`, `C_OPERROLE`, `C_OPERORG`, `L_CUSTNO`, `C_CUSTNAME`, `C_HANDLER`, `C_FORM`, `C_WECHAT_FORM`, `N_VERSION`, `C_IS_LATEST`, `C_IS_PUBLISHED`, `C_IS_DEFAULT`, `C_IS_DISABLED`, `C_IS_SUBPROCESS`, `C_PROCESS_ID`, `C_MONEY_VARIABLE`, `L_REG_OPERID`, `C_REG_OPERNAME`, `D_REG_DATE`, `T_REG_TIME`, `L_MODI_OPERID`, `C_MODI_OPERNAME`, `D_MODI_DATE`, `T_MODI_TIME`, `C_BUSIN_STATUS`, `C_LAST_STATUS`) VALUES (-51000, 2, '应收账款审批流程', '应收账款审批流程', 'FACTOR_USER', 'DEFAULT', 0, 'DEFAULT', 'receFlowManagerHandler', '/flow/supplierFinance/detail', '/finance/detail', 0, '0', '0', '1', '0', '0', 'DEFAULT', 'balance', 0, NULL, '20170518', NULL, NULL, NULL, '20161118', NULL, NULL, NULL)$$




###节点-------################################
REPLACE INTO `t_sys_wf_node` (`ID`, `L_BASE_ID`, `N_SEQ`, `C_NAME`, `C_NICKNAME`, `C_IS_DISABLED`, `C_HANDLER`, `C_FORM`, `C_WECHAT_FORM`, `C_TYPE`, `C_OPERROLE`, `C_MONEY_VARIABLE`, `L_REG_OPERID`, `C_REG_OPERNAME`, `D_REG_DATE`, `T_REG_TIME`, `L_MODI_OPERID`, `C_MODI_OPERNAME`, `D_MODI_DATE`, `T_MODI_TIME`, `C_BUSIN_STATUS`, `C_LAST_STATUS`) VALUES (-54001, -54000, 0, '应收账款-确认贸易背景子流程-开始', '开始', '0', NULL, NULL, NULL, '0', NULL, NULL, 0, NULL, '20170518', NULL, NULL, NULL, '20170518', NULL, NULL, NULL)$$
REPLACE INTO `t_sys_wf_node` (`ID`, `L_BASE_ID`, `N_SEQ`, `C_NAME`, `C_NICKNAME`, `C_IS_DISABLED`, `C_HANDLER`, `C_FORM`, `C_WECHAT_FORM`, `C_TYPE`, `C_OPERROLE`, `C_MONEY_VARIABLE`, `L_REG_OPERID`, `C_REG_OPERNAME`, `D_REG_DATE`, `T_REG_TIME`, `L_MODI_OPERID`, `C_MODI_OPERNAME`, `D_MODI_DATE`, `T_MODI_TIME`, `C_BUSIN_STATUS`, `C_LAST_STATUS`) VALUES (-54002, -54000, 1, '应收账款-确认贸易背景子流程-确认', '确认', '0', 'receCoreConfirmTradingBackgrand', '/flow/supplierFinance/tradeEnsure', NULL, '3', '', NULL, 0, NULL, '20170518', NULL, NULL, NULL, '20161118', NULL, NULL, NULL)$$
REPLACE INTO `t_sys_wf_node` (`ID`, `L_BASE_ID`, `N_SEQ`, `C_NAME`, `C_NICKNAME`, `C_IS_DISABLED`, `C_HANDLER`, `C_FORM`, `C_WECHAT_FORM`, `C_TYPE`, `C_OPERROLE`, `C_MONEY_VARIABLE`, `L_REG_OPERID`, `C_REG_OPERNAME`, `D_REG_DATE`, `T_REG_TIME`, `L_MODI_OPERID`, `C_MODI_OPERNAME`, `D_MODI_DATE`, `T_MODI_TIME`, `C_BUSIN_STATUS`, `C_LAST_STATUS`) VALUES (-54003, -54000, 2, '应收账款-确认贸易背景子流程-结束', '结束', '0', '', NULL, NULL, '1', '', NULL, 0, NULL, '20170518', NULL, NULL, NULL, '20170518', NULL, NULL, NULL)$$
REPLACE INTO `t_sys_wf_node` (`ID`, `L_BASE_ID`, `N_SEQ`, `C_NAME`, `C_NICKNAME`, `C_IS_DISABLED`, `C_HANDLER`, `C_FORM`, `C_WECHAT_FORM`, `C_TYPE`, `C_OPERROLE`, `C_MONEY_VARIABLE`, `L_REG_OPERID`, `C_REG_OPERNAME`, `D_REG_DATE`, `T_REG_TIME`, `L_MODI_OPERID`, `C_MODI_OPERNAME`, `D_MODI_DATE`, `T_MODI_TIME`, `C_BUSIN_STATUS`, `C_LAST_STATUS`) VALUES (-53001, -53000, 0, '应收账款-确认方案子流程-开始', '开始', '0', NULL, NULL, NULL, '0', NULL, NULL, 0, NULL, '20170518', NULL, NULL, NULL, '20170518', NULL, NULL, NULL)$$
REPLACE INTO `t_sys_wf_node` (`ID`, `L_BASE_ID`, `N_SEQ`, `C_NAME`, `C_NICKNAME`, `C_IS_DISABLED`, `C_HANDLER`, `C_FORM`, `C_WECHAT_FORM`, `C_TYPE`, `C_OPERROLE`, `C_MONEY_VARIABLE`, `L_REG_OPERID`, `C_REG_OPERNAME`, `D_REG_DATE`, `T_REG_TIME`, `L_MODI_OPERID`, `C_MODI_OPERNAME`, `D_MODI_DATE`, `T_MODI_TIME`, `C_BUSIN_STATUS`, `C_LAST_STATUS`) VALUES (-53002, -53000, 1, '应收账款-确认方案子流程-确认', '确认', '0', 'receCustSchemeConfirmHandler', '/flow/supplierFinance/schemeEnsure', '/finance/audit', '3', '', NULL, 17112, 'hubl5', '20170518', '20170518', 17112, 'hubl5', '20161206', '152250', NULL, NULL)$$
REPLACE INTO `t_sys_wf_node` (`ID`, `L_BASE_ID`, `N_SEQ`, `C_NAME`, `C_NICKNAME`, `C_IS_DISABLED`, `C_HANDLER`, `C_FORM`, `C_WECHAT_FORM`, `C_TYPE`, `C_OPERROLE`, `C_MONEY_VARIABLE`, `L_REG_OPERID`, `C_REG_OPERNAME`, `D_REG_DATE`, `T_REG_TIME`, `L_MODI_OPERID`, `C_MODI_OPERNAME`, `D_MODI_DATE`, `T_MODI_TIME`, `C_BUSIN_STATUS`, `C_LAST_STATUS`) VALUES (-53003, -53000, 2, '应收账款-确认方案子流程-结束', '结束', '0', NULL, NULL, NULL, '1', '', NULL, 0, NULL, '20170518', NULL, NULL, NULL, '20170518', NULL, NULL, NULL)$$
REPLACE INTO `t_sys_wf_node` (`ID`, `L_BASE_ID`, `N_SEQ`, `C_NAME`, `C_NICKNAME`, `C_IS_DISABLED`, `C_HANDLER`, `C_FORM`, `C_WECHAT_FORM`, `C_TYPE`, `C_OPERROLE`, `C_MONEY_VARIABLE`, `L_REG_OPERID`, `C_REG_OPERNAME`, `D_REG_DATE`, `T_REG_TIME`, `L_MODI_OPERID`, `C_MODI_OPERNAME`, `D_MODI_DATE`, `T_MODI_TIME`, `C_BUSIN_STATUS`, `C_LAST_STATUS`) VALUES (-52001, -52000, 0, '应收账款-申请子流程-开始', '开始', '0', NULL, NULL, NULL, '0', NULL, NULL, 0, NULL, '20170518', NULL, NULL, NULL, '20170518', NULL, NULL, NULL)$$
REPLACE INTO `t_sys_wf_node` (`ID`, `L_BASE_ID`, `N_SEQ`, `C_NAME`, `C_NICKNAME`, `C_IS_DISABLED`, `C_HANDLER`, `C_FORM`, `C_WECHAT_FORM`, `C_TYPE`, `C_OPERROLE`, `C_MONEY_VARIABLE`, `L_REG_OPERID`, `C_REG_OPERNAME`, `D_REG_DATE`, `T_REG_TIME`, `L_MODI_OPERID`, `C_MODI_OPERNAME`, `D_MODI_DATE`, `T_MODI_TIME`, `C_BUSIN_STATUS`, `C_LAST_STATUS`) VALUES (-52002, -52000, 1, '应收账款-申请子流程-申请', '申请', '0', 'receCustAppliactonHandler', '', NULL, '2', '', NULL, 1000156, 'testhubl', '20170518', '163628', 1000156, 'testhubl', '20170518', '163628', NULL, NULL)$$
REPLACE INTO `t_sys_wf_node` (`ID`, `L_BASE_ID`, `N_SEQ`, `C_NAME`, `C_NICKNAME`, `C_IS_DISABLED`, `C_HANDLER`, `C_FORM`, `C_WECHAT_FORM`, `C_TYPE`, `C_OPERROLE`, `C_MONEY_VARIABLE`, `L_REG_OPERID`, `C_REG_OPERNAME`, `D_REG_DATE`, `T_REG_TIME`, `L_MODI_OPERID`, `C_MODI_OPERNAME`, `D_MODI_DATE`, `T_MODI_TIME`, `C_BUSIN_STATUS`, `C_LAST_STATUS`) VALUES (-52003, -52000, 2, '应收账款-申请子流程-复核', '复核', '0', 'receCustAppliactonReviewHandler', '/flow/supplierFinance/financeRecheck', NULL, '3', '', NULL, 1000156, 'testhubl', '20170518', '163628', 1000156, 'testhubl', '20170518', '163628', NULL, NULL)$$
REPLACE INTO `t_sys_wf_node` (`ID`, `L_BASE_ID`, `N_SEQ`, `C_NAME`, `C_NICKNAME`, `C_IS_DISABLED`, `C_HANDLER`, `C_FORM`, `C_WECHAT_FORM`, `C_TYPE`, `C_OPERROLE`, `C_MONEY_VARIABLE`, `L_REG_OPERID`, `C_REG_OPERNAME`, `D_REG_DATE`, `T_REG_TIME`, `L_MODI_OPERID`, `C_MODI_OPERNAME`, `D_MODI_DATE`, `T_MODI_TIME`, `C_BUSIN_STATUS`, `C_LAST_STATUS`) VALUES (-52004, -52000, 3, '应收账款-申请子流程-结束', '结束', '0', '', NULL, NULL, '1', '', NULL, 0, NULL, '20170518', NULL, NULL, NULL, '20170518', NULL, NULL, NULL)$$
REPLACE INTO `t_sys_wf_node` (`ID`, `L_BASE_ID`, `N_SEQ`, `C_NAME`, `C_NICKNAME`, `C_IS_DISABLED`, `C_HANDLER`, `C_FORM`, `C_WECHAT_FORM`, `C_TYPE`, `C_OPERROLE`, `C_MONEY_VARIABLE`, `L_REG_OPERID`, `C_REG_OPERNAME`, `D_REG_DATE`, `T_REG_TIME`, `L_MODI_OPERID`, `C_MODI_OPERNAME`, `D_MODI_DATE`, `T_MODI_TIME`, `C_BUSIN_STATUS`, `C_LAST_STATUS`) VALUES (-51001, -51000, 0, '开始', '开始', '0', NULL, NULL, NULL, '0', NULL, NULL, 0, NULL, '20170518', NULL, NULL, NULL, '20170518', NULL, NULL, NULL)$$
REPLACE INTO `t_sys_wf_node` (`ID`, `L_BASE_ID`, `N_SEQ`, `C_NAME`, `C_NICKNAME`, `C_IS_DISABLED`, `C_HANDLER`, `C_FORM`, `C_WECHAT_FORM`, `C_TYPE`, `C_OPERROLE`, `C_MONEY_VARIABLE`, `L_REG_OPERID`, `C_REG_OPERNAME`, `D_REG_DATE`, `T_REG_TIME`, `L_MODI_OPERID`, `C_MODI_OPERNAME`, `D_MODI_DATE`, `T_MODI_TIME`, `C_BUSIN_STATUS`, `C_LAST_STATUS`) VALUES (-51002, -51000, 1, '应收账款融资申请子流程', '融资申请', '0', NULL, '', NULL, '4', 'SUPPLIER_USER', NULL, 17112, 'hubl5', '20170518', '152250', 17112, 'hubl5', '20170518', '152250', NULL, NULL)$$
REPLACE INTO `t_sys_wf_node` (`ID`, `L_BASE_ID`, `N_SEQ`, `C_NAME`, `C_NICKNAME`, `C_IS_DISABLED`, `C_HANDLER`, `C_FORM`, `C_WECHAT_FORM`, `C_TYPE`, `C_OPERROLE`, `C_MONEY_VARIABLE`, `L_REG_OPERID`, `C_REG_OPERNAME`, `D_REG_DATE`, `T_REG_TIME`, `L_MODI_OPERID`, `C_MODI_OPERNAME`, `D_MODI_DATE`, `T_MODI_TIME`, `C_BUSIN_STATUS`, `C_LAST_STATUS`) VALUES (-51003, -51000, 2, '受理申请', '受理申请', '0', 'receFactorAcceptApplicationHandler', '/flow/supplierFinance/businessHandle', NULL, '2', '', NULL, 17112, 'hubl5', '20170518', '152250', 17112, 'hubl5', '20170518', '152250', NULL, NULL)$$
REPLACE INTO `t_sys_wf_node` (`ID`, `L_BASE_ID`, `N_SEQ`, `C_NAME`, `C_NICKNAME`, `C_IS_DISABLED`, `C_HANDLER`, `C_FORM`, `C_WECHAT_FORM`, `C_TYPE`, `C_OPERROLE`, `C_MONEY_VARIABLE`, `L_REG_OPERID`, `C_REG_OPERNAME`, `D_REG_DATE`, `T_REG_TIME`, `L_MODI_OPERID`, `C_MODI_OPERNAME`, `D_MODI_DATE`, `T_MODI_TIME`, `C_BUSIN_STATUS`, `C_LAST_STATUS`) VALUES (-51004, -51000, 3, '风控审批', '风控审批', '0', 'receFactorRiskControlHandler', '/flow/supplierFinance/approveRisk', NULL, '3', '', NULL, 17112, 'hubl5', '20170518', '152250', 17112, 'hubl5', '20170518', '152250', NULL, NULL)$$
REPLACE INTO `t_sys_wf_node` (`ID`, `L_BASE_ID`, `N_SEQ`, `C_NAME`, `C_NICKNAME`, `C_IS_DISABLED`, `C_HANDLER`, `C_FORM`, `C_WECHAT_FORM`, `C_TYPE`, `C_OPERROLE`, `C_MONEY_VARIABLE`, `L_REG_OPERID`, `C_REG_OPERNAME`, `D_REG_DATE`, `T_REG_TIME`, `L_MODI_OPERID`, `C_MODI_OPERNAME`, `D_MODI_DATE`, `T_MODI_TIME`, `C_BUSIN_STATUS`, `C_LAST_STATUS`) VALUES (-51005, -51000, 4, '融资方案批复', '融资方案批复', '0', 'receFactorSchemeReplyHandler', '/flow/supplierFinance/schemeReview', NULL, '2', '', NULL, 17112, 'hubl5', '20170518', '152250', 17112, 'hubl5', '20170518', '152250', NULL, NULL)$$
REPLACE INTO `t_sys_wf_node` (`ID`, `L_BASE_ID`, `N_SEQ`, `C_NAME`, `C_NICKNAME`, `C_IS_DISABLED`, `C_HANDLER`, `C_FORM`, `C_WECHAT_FORM`, `C_TYPE`, `C_OPERROLE`, `C_MONEY_VARIABLE`, `L_REG_OPERID`, `C_REG_OPERNAME`, `D_REG_DATE`, `T_REG_TIME`, `L_MODI_OPERID`, `C_MODI_OPERNAME`, `D_MODI_DATE`, `T_MODI_TIME`, `C_BUSIN_STATUS`, `C_LAST_STATUS`) VALUES (-51006, -51000, 5, '融资方案审核', '融资方案审核', '0', 'receFactorSchemeReviewHandler', '/flow/supplierFinance/schemeApprove', NULL, '3', '', NULL, 17112, 'hubl5', '20170518', '152250', 17112, 'hubl5', '20170518', '152250', NULL, NULL)$$
REPLACE INTO `t_sys_wf_node` (`ID`, `L_BASE_ID`, `N_SEQ`, `C_NAME`, `C_NICKNAME`, `C_IS_DISABLED`, `C_HANDLER`, `C_FORM`, `C_WECHAT_FORM`, `C_TYPE`, `C_OPERROLE`, `C_MONEY_VARIABLE`, `L_REG_OPERID`, `C_REG_OPERNAME`, `D_REG_DATE`, `T_REG_TIME`, `L_MODI_OPERID`, `C_MODI_OPERNAME`, `D_MODI_DATE`, `T_MODI_TIME`, `C_BUSIN_STATUS`, `C_LAST_STATUS`) VALUES (-51007, -51000, 6, '应收账款确认融资方案子流程', '确认融资方案', '0', '', '', NULL, '4', 'SUPPLIER_USER', NULL, 17112, 'hubl5', '20170518', '152250', 17112, 'hubl5', '20170518', '152250', NULL, NULL)$$
REPLACE INTO `t_sys_wf_node` (`ID`, `L_BASE_ID`, `N_SEQ`, `C_NAME`, `C_NICKNAME`, `C_IS_DISABLED`, `C_HANDLER`, `C_FORM`, `C_WECHAT_FORM`, `C_TYPE`, `C_OPERROLE`, `C_MONEY_VARIABLE`, `L_REG_OPERID`, `C_REG_OPERNAME`, `D_REG_DATE`, `T_REG_TIME`, `L_MODI_OPERID`, `C_MODI_OPERNAME`, `D_MODI_DATE`, `T_MODI_TIME`, `C_BUSIN_STATUS`, `C_LAST_STATUS`) VALUES (-51008, -51000, 7, '应收账款确认贸易背景子流程', '确认贸易背景', '0', '', '', NULL, '4', 'CORE_USER', NULL, 17112, 'hubl5', '20170518', '152250', 17112, 'hubl5', '20170518', '152250', NULL, NULL)$$
REPLACE INTO `t_sys_wf_node` (`ID`, `L_BASE_ID`, `N_SEQ`, `C_NAME`, `C_NICKNAME`, `C_IS_DISABLED`, `C_HANDLER`, `C_FORM`, `C_WECHAT_FORM`, `C_TYPE`, `C_OPERROLE`, `C_MONEY_VARIABLE`, `L_REG_OPERID`, `C_REG_OPERNAME`, `D_REG_DATE`, `T_REG_TIME`, `L_MODI_OPERID`, `C_MODI_OPERNAME`, `D_MODI_DATE`, `T_MODI_TIME`, `C_BUSIN_STATUS`, `C_LAST_STATUS`) VALUES (-51009, -51000, 8, '发起签约', '发起签约', '0', 'receFactorSignInitiateHandler', '/flow/supplierFinance/launchSignContract', NULL, '2', '', NULL, 17112, 'hubl5', '20170518', '152250', 17112, 'hubl5', '20170518', '152250', NULL, NULL)$$
REPLACE INTO `t_sys_wf_node` (`ID`, `L_BASE_ID`, `N_SEQ`, `C_NAME`, `C_NICKNAME`, `C_IS_DISABLED`, `C_HANDLER`, `C_FORM`, `C_WECHAT_FORM`, `C_TYPE`, `C_OPERROLE`, `C_MONEY_VARIABLE`, `L_REG_OPERID`, `C_REG_OPERNAME`, `D_REG_DATE`, `T_REG_TIME`, `L_MODI_OPERID`, `C_MODI_OPERNAME`, `D_MODI_DATE`, `T_MODI_TIME`, `C_BUSIN_STATUS`, `C_LAST_STATUS`) VALUES (-51010, -51000, 9, '签约文件审核', '签约文件审核', '0', 'receFactorSignReviewHandler', '/flow/supplierFinance/signFileRecheck', NULL, '3', '', NULL, 17112, 'hubl5', '20170518', '152250', 17112, 'hubl5', '20170518', '152250', NULL, NULL)$$
REPLACE INTO `t_sys_wf_node` (`ID`, `L_BASE_ID`, `N_SEQ`, `C_NAME`, `C_NICKNAME`, `C_IS_DISABLED`, `C_HANDLER`, `C_FORM`, `C_WECHAT_FORM`, `C_TYPE`, `C_OPERROLE`, `C_MONEY_VARIABLE`, `L_REG_OPERID`, `C_REG_OPERNAME`, `D_REG_DATE`, `T_REG_TIME`, `L_MODI_OPERID`, `C_MODI_OPERNAME`, `D_MODI_DATE`, `T_MODI_TIME`, `C_BUSIN_STATUS`, `C_LAST_STATUS`) VALUES (-51011, -51000, 10, '签约', '签约', '0', 'receFactorSignHandler', '/flow/supplierFinance/signContract', NULL, '2', '', NULL, 17112, 'hubl5', '20170518', '152250', 17112, 'hubl5', '20170518', '152250', NULL, NULL)$$
REPLACE INTO `t_sys_wf_node` (`ID`, `L_BASE_ID`, `N_SEQ`, `C_NAME`, `C_NICKNAME`, `C_IS_DISABLED`, `C_HANDLER`, `C_FORM`, `C_WECHAT_FORM`, `C_TYPE`, `C_OPERROLE`, `C_MONEY_VARIABLE`, `L_REG_OPERID`, `C_REG_OPERNAME`, `D_REG_DATE`, `T_REG_TIME`, `L_MODI_OPERID`, `C_MODI_OPERNAME`, `D_MODI_DATE`, `T_MODI_TIME`, `C_BUSIN_STATUS`, `C_LAST_STATUS`) VALUES (-51012, -51000, 11, '资产登记', '资产登记', '0', 'receFactorRegistAssetHandler', '/flow/supplierFinance/registerProperty', NULL, '2', '', NULL, 17112, 'hubl5', '20170518', '152250', 17112, 'hubl5', '20170518', '152250', NULL, NULL)$$
REPLACE INTO `t_sys_wf_node` (`ID`, `L_BASE_ID`, `N_SEQ`, `C_NAME`, `C_NICKNAME`, `C_IS_DISABLED`, `C_HANDLER`, `C_FORM`, `C_WECHAT_FORM`, `C_TYPE`, `C_OPERROLE`, `C_MONEY_VARIABLE`, `L_REG_OPERID`, `C_REG_OPERNAME`, `D_REG_DATE`, `T_REG_TIME`, `L_MODI_OPERID`, `C_MODI_OPERNAME`, `D_MODI_DATE`, `T_MODI_TIME`, `C_BUSIN_STATUS`, `C_LAST_STATUS`) VALUES (-51013, -51000, 12, '放款审批', '放款审批', '0', 'receFactorLoanHandler', '/flow/supplierFinance/loanApproval', NULL, '3', '', NULL, 17112, 'hubl5', '20170518', '152250', 17112, 'hubl5', '20170518', '152250', NULL, NULL)$$
REPLACE INTO `t_sys_wf_node` (`ID`, `L_BASE_ID`, `N_SEQ`, `C_NAME`, `C_NICKNAME`, `C_IS_DISABLED`, `C_HANDLER`, `C_FORM`, `C_WECHAT_FORM`, `C_TYPE`, `C_OPERROLE`, `C_MONEY_VARIABLE`, `L_REG_OPERID`, `C_REG_OPERNAME`, `D_REG_DATE`, `T_REG_TIME`, `L_MODI_OPERID`, `C_MODI_OPERNAME`, `D_MODI_DATE`, `T_MODI_TIME`, `C_BUSIN_STATUS`, `C_LAST_STATUS`) VALUES (-51014, -51000, 13, '结束', '结束', '0', '', NULL, NULL, '1', '', NULL, 0, NULL, '20170518', NULL, NULL, NULL, '20170518', NULL, NULL, NULL)$$


###############——菜单配置——##########################
REPLACE INTO `t_cfg_menu` (`id`, `c_sys`, `c_name`, `c_title`, `c_url`, `c_target`, `n_parent_id`, `n_order`, `c_description`, `c_status`, `d_regdate`, `d_modidate`, `c_openmode`, `c_endnode`, `C_RULE_LIST`) VALUES (3351, NULL, '应收账款融资申请', '应收账款融资申请', '../../scf2/home.html#/2_3.1/start.apply', NULL, 216, 1, '', '1', '20160830', '20160830', NULL, '1', 'SUPPLIER_USER')$$
